,duration,sr,spec_centroid_mean,spec_rolloff_mean,zcr_mean,rms_mean,tempo,mfcc1_mean,mfcc1_std,mfcc2_mean,mfcc2_std,mfcc3_mean,mfcc3_std,mfcc4_mean,mfcc4_std,mfcc5_mean,mfcc5_std,mfcc6_mean,mfcc6_std,mfcc7_mean,mfcc7_std,mfcc8_mean,mfcc8_std,mfcc9_mean,mfcc9_std,mfcc10_mean,mfcc10_std,mfcc11_mean,mfcc11_std,mfcc12_mean,mfcc12_std,mfcc13_mean,mfcc13_std,mfcc14_mean,mfcc14_std,mfcc15_mean,mfcc15_std,mfcc16_mean,mfcc16_std,mfcc17_mean,mfcc17_std,mfcc18_mean,mfcc18_std,mfcc19_mean,mfcc19_std,mfcc20_mean,mfcc20_std,chroma1_mean,chroma1_std,chroma2_mean,chroma2_std,chroma3_mean,chroma3_std,chroma4_mean,chroma4_std,chroma5_mean,chroma5_std,chroma6_mean,chroma6_std,chroma7_mean,chroma7_std,chroma8_mean,chroma8_std,chroma9_mean,chroma9_std,chroma10_mean,chroma10_std,chroma11_mean,chroma11_std,chroma12_mean,chroma12_std
duration,1.0,,-0.010124077124760562,-0.004227359666521553,-0.011403396777867569,0.01795451889614042,-0.02304281273252547,0.0348918805921208,-0.029172812502200926,0.014290494493748447,-0.01663896172456089,0.015106911920078717,-0.012055332440479991,0.05578941627374878,-0.024967481711047807,-0.004631519625917244,-0.04799083640058484,0.03355598140253303,-0.028175686489321047,0.03817173818339438,-0.033704523594443814,0.011575560005854042,-0.015295747693376117,0.01531250680366251,-0.028165673257106717,-0.004843090130621823,-0.01360130949469462,-0.016936877774348724,-0.020857659643799632,0.007461511507380225,-0.012508701654533015,0.009273758261338652,-0.0018473933058272358,0.004164034369417867,0.002480113255099285,-0.007779240455655579,0.0030812981086298717,-0.003682937711940731,0.00882903875675367,-0.0004085837532114543,-6.162432860333128e-05,-0.009645996187890917,0.010729318022767787,-0.013308918492033547,0.011829263539822586,0.019621544098110774,0.014845655104418948,0.016190476536192565,0.019841819022321346,0.012332660377030812,-0.006359351153002577,0.01837401496042976,0.014824907273943014,0.012738707415769589,0.012042501240439788,0.0077865183454395755,0.004329945580777935,-0.0040778362334352595,-0.013005152718401289,-0.004239289136120022,-0.020555689066490603,-0.004469760227826709,-0.022410482028646404,-0.01771209973966285,-0.019938354792147103,-0.026753977723561837,-0.004945771008922717,-0.010870204439252362,-0.00895476602314966,0.01372727169020174,0.015903766282569478
sr,,,,,,,,,,,,,,,,,,,,,,,,,,,,,,,,,,,,,,,,,,,,,,,,,,,,,,,,,,,,,,,,,,,,,,,
spec_centroid_mean,-0.010124077124760562,,1.0,0.9724523856759787,0.8387727744267379,0.22106275910303594,0.06263365756405008,0.5648576457775718,-0.04239326498046551,-0.8991446094849694,0.02141261136207389,-0.08698436306840714,-0.043458157579468325,-0.032398913663514425,0.01559862696184752,-0.1592168315540425,0.02471460314681049,0.1318703023574348,0.031158252386991634,-0.023519637410837423,0.04200865201142755,0.24047464440390093,0.021327632912802545,0.08511309925656786,0.014280614193473849,0.30377569444077657,-0.012147971655710976,0.13955908438342224,-0.018088229707775585,0.2972413128006051,-0.05581508464565193,0.14022227245830945,-0.06189869432118402,0.2982578707042539,-0.0651936469769957,0.13749085296692157,-0.08761334100546116,0.29128364712879945,-0.11151676785550031,0.053269235530366964,-0.12319292632678214,0.22585484648255968,-0.13008945613418088,0.03269169233511083,-0.13446534701397225,0.20665431053917976,-0.14175246937825783,0.2464283131192402,0.02280309236038773,0.2905126126253502,0.1282144997502896,0.21673889210935304,-0.003920830079325807,0.28966362671998036,0.12515675434740986,0.2708689065610354,0.07989849803890381,0.2528712847623816,0.06766438667254966,0.2844415246444772,0.12002211787660677,0.24158971888094086,0.013888995438030958,0.3105323911288899,0.14792359819065964,0.26374447017325325,0.04871976210077753,0.30701648831100947,0.10246041229110146,0.30438368999233734,0.09202147481442835
spec_rolloff_mean,-0.004227359666521553,,0.9724523856759787,1.0,0.7157516812795629,0.26389429016988064,0.052289674868127446,0.590555462995918,-0.03621862994682963,-0.8901207457857223,0.020658240487654463,0.020174400110411272,-0.05180060275350816,0.0025982346728501467,-0.003028273864077348,-0.08648406865049643,0.0038326296754239955,0.20793874707595886,0.006779683860346937,0.03395961003721898,0.015489481300102578,0.30595500693639566,-0.0007820432881137343,0.1343340678131373,-0.012223090180570195,0.3506628377220162,-0.040600869880710266,0.1814378439331559,-0.04616816380423262,0.3400372969847879,-0.08691527922933148,0.18099432212825636,-0.09163163786288576,0.33983328989309025,-0.09439760814790472,0.17050135032048713,-0.11731129753842638,0.3293446736193233,-0.14115087084267422,0.0827606770545149,-0.15675285558770174,0.2600441994718101,-0.16210667803649367,0.049634548690619326,-0.16654261689558517,0.23090242862377985,-0.17457309625951808,0.2651467301268864,0.03737611103259158,0.3048071614296409,0.1311053232368624,0.23110233359560248,0.003116514434535833,0.30643962311564843,0.13383413328608587,0.2902768334678165,0.08636407452586961,0.2815221547432819,0.08845008236318205,0.3067217687133418,0.12330933304146331,0.2656724203087769,0.0252935581404205,0.33424344260726285,0.15722751584655767,0.28834828559825354,0.061099270946246204,0.3326841060736171,0.11446635789359873,0.3207747617345751,0.09371661954082139
zcr_mean,-0.011403396777867569,,0.8387727744267379,0.7157516812795629,1.0,0.03750316365862483,0.07033652362212132,0.38721494884564417,-0.11809790627050193,-0.6723058579891396,-0.06483121119575189,-0.33658648461019824,-0.07931194738998384,-0.10420209303775536,-0.013400266128446883,-0.3276541321450719,0.004775233976441014,-0.07515324263411362,0.010401330175308013,-0.18933695146787408,0.029167921724989956,0.018173853852058917,0.014878528083146797,-0.05867416570496387,0.02065310678225041,0.10578424037793147,0.012821895666302336,-0.008349858004926748,0.017416559141785578,0.12484859292797576,5.538988657691703e-05,0.0035984435224014188,-0.007602601474324257,0.11940646444104132,-0.005322981627303573,0.0006537410975700573,-0.02664086739774873,0.12429096255779824,-0.04873673361566993,-0.04354153036061461,-0.05215291738312915,0.07419251436658138,-0.05175468137250564,-0.032653771450718794,-0.05014556277459613,0.08270353393926141,-0.04282005607012788,0.14198100838565297,-0.0326950621507548,0.1780278546353517,0.06623043065710346,0.13567507706559656,-0.02048248920691274,0.169393928600708,0.04344795359469056,0.1630324668043775,0.0407084041848125,0.11399015278969958,-0.021540587462919338,0.1563437886628903,0.05944767786978518,0.13405816526234143,-0.017646086611526245,0.1617674978348061,0.04949830134899975,0.13807712399201993,-0.007784340188048349,0.16020037129090317,0.02263634470040708,0.19525142406000223,0.05109037558969993
rms_mean,0.01795451889614042,,0.22106275910303594,0.26389429016988064,0.03750316365862483,1.0,0.022164488125715913,0.7207829293903371,-0.14608578658414798,-0.20128095674854954,-0.005017430895764643,0.0364293185020489,-0.06326262976834844,0.12940003736847408,-0.05869565363303273,0.11329116491377382,-0.07866651501856356,0.22998788929265593,-0.0873614935200187,0.18758093961595967,-0.09764551531088722,0.3086375231908689,-0.11465635105959876,0.1900065484021733,-0.13340289912989123,0.2771543606866264,-0.14601581528149643,0.20684388186237634,-0.15840655503448564,0.2707938020326981,-0.18366782677101243,0.18930825747114943,-0.1805294646135163,0.23574561883259584,-0.19478665312283883,0.16404325393940822,-0.195960041801047,0.23153553456514023,-0.21574637099543356,0.0964931135113197,-0.2180038735765952,0.16605036674534832,-0.22529674574705832,0.08494973501870567,-0.22532737794163069,0.15169511902836014,-0.2357656652041935,0.19895607516011923,-0.02471857493380454,0.23375373176887435,0.03632408596516997,0.17358690931680767,-0.059567323627681835,0.24218578993511866,0.048221401253480636,0.23691825565578434,0.014956620631416255,0.23569175526348016,0.03528510310707783,0.2371777906839423,0.018410754127323452,0.19459436160155577,-0.05999497053636745,0.2573417248566131,0.05811881368443035,0.21598854945015342,-0.0121311679309228,0.2598839972238503,0.026435915667126095,0.24050103425929883,0.00418551587574588
tempo,-0.02304281273252547,,0.06263365756405008,0.052289674868127446,0.07033652362212132,0.022164488125715913,1.0,0.08321585119554725,-0.02031510803393856,-0.05103477070295382,-0.023200127513018216,-0.08299042248382299,-0.0365867694860426,0.028598819322978197,-0.024223214050791714,-0.04799422748972929,-0.00022576979488126125,0.008052148422167744,-0.018937553503851814,-0.020967546372336214,-0.017118048317289393,0.014558736684257957,-0.027243107815984362,0.0034763605301616762,-0.02526163222810641,0.016228924166850685,-0.012846159379301855,-0.024319618246004253,-0.009078860928835716,0.007312286588519164,-0.015014715155643425,-0.031266657615056495,-0.015325098571051717,-0.011357396392503445,-0.02822970243331585,-0.005214962294075648,-0.02774288368326374,0.0024466204263885365,-0.018574920441082905,-0.026425842659427157,-0.006467735690040746,-0.015264026660890056,-0.007819011627966879,-0.03465326490304992,-0.01652480714327623,-0.011195870563187556,-0.01003733502826236,0.005022927726729423,0.0059694049807073254,0.003217355991193977,0.0117910454852928,0.003281015872703143,9.645900084766542e-05,0.012605411135940908,0.011587125598740729,0.01766446676817422,0.010135885325906974,0.004479685292578101,-0.005917509776064922,0.019192401175821487,0.019254789632421,0.0061312033613723895,-0.0021232953399723032,0.016784818872232404,0.009055949676932578,0.014857814158324253,0.006678210802628357,0.025214471961740596,0.011250420167172816,0.030251875719095468,0.02266391905343144
mfcc1_mean,0.0348918805921208,,0.5648576457775718,0.590555462995918,0.38721494884564417,0.7207829293903371,0.08321585119554725,1.0,-0.3183984863983984,-0.4362293528123706,-0.1657897033369686,-0.2413546995462718,-0.24444803834075815,0.1457225713888724,-0.20897624505624196,-0.10659155331790003,-0.21400875335287092,0.19880177653231157,-0.2141825902025095,0.044250880408738674,-0.2270576562305218,0.3169830492013767,-0.25417424238212066,0.10333842744969737,-0.26924854364480594,0.30629585052594105,-0.28199756803870624,0.14313154204593784,-0.29180963011258626,0.31395095771097337,-0.3230732096428711,0.12862245283083645,-0.32589085669125745,0.2581584468539376,-0.3374870414668075,0.07994749784048968,-0.3426228275389567,0.24262654765798533,-0.35745385771386,-0.01813767216098096,-0.3569986154838716,0.15628987325656327,-0.3590899883372056,-0.02620553095490493,-0.3515465092768149,0.1194480068801715,-0.3547318183556145,0.22881034455279858,-0.04400930052796252,0.2875692031769665,0.06680555089441363,0.23613481575885667,-0.03916913031928479,0.29600200293576595,0.05956416169770722,0.30772410013911816,0.06140460674227458,0.2571026610708613,0.00875719112095956,0.2873438934477712,0.06450713480155813,0.23878392946035773,-0.04690012605992512,0.29834518394548,0.06427974987755922,0.27230583731776986,0.013427165470322229,0.289084000479522,0.023880746835947805,0.3033715194715073,0.0495556917827229
mfcc1_std,-0.029172812502200926,,-0.04239326498046551,-0.03621862994682963,-0.11809790627050193,-0.14608578658414798,-0.02031510803393856,-0.3183984863983984,1.0,-0.09806266032025324,0.6787797221837825,0.2569680016435495,0.6108165419620538,-0.014480523246906156,0.5296421592253105,0.15931426132353402,0.521314653616325,0.07194072327048646,0.4882552177482797,0.11546712667803458,0.4761908059997766,0.03942160659803608,0.472685048069679,0.07083739091010412,0.4524745318176158,0.012167947987878172,0.4103611005265096,0.07583765671478432,0.39363831533315075,0.003781470223862047,0.36051720445307744,0.0805465995208626,0.3547113306296273,0.015913337745140317,0.33701585543701923,0.09640754436295272,0.3225378557130705,0.028094954116549553,0.3145341627584255,0.10393812135437441,0.31068185517503716,0.04044026386720175,0.2819628887085581,0.08655627917963377,0.2619574074913528,0.049146734371420205,0.23440467633642614,0.024242834316398443,0.20914342170015557,0.004619359916360439,0.17832203612722497,-0.01614456558948973,0.15994038816543177,0.0008560946389884383,0.20346412867746871,-0.04362817545021327,0.11862770630564203,0.0158366531690716,0.2117566029805646,-0.00861300615237982,0.14585976827103087,2.0975388102239814e-05,0.1726115077104669,0.022178333269872175,0.21289853961237906,-0.001978667528435351,0.17285089535386727,0.03923537336239478,0.21118894972881047,-0.011305050612269585,0.13736189119532893
mfcc2_mean,0.014290494493748447,,-0.8991446094849694,-0.8901207457857223,-0.6723058579891396,-0.20128095674854954,-0.05103477070295382,-0.4362293528123706,-0.09806266032025324,1.0,-0.09225152754541467,-0.050563671130499595,-0.02619628712124217,-0.09671116266677039,-0.08516640231268478,0.07161148094691874,-0.10506411525761951,-0.228476646831826,-0.107911221688559,-0.050925992205871635,-0.1321666653492989,-0.2781975474025054,-0.10426274102862397,-0.12239040072234568,-0.10915697996466885,-0.32083279409076826,-0.08571526654930217,-0.14816759092102155,-0.0804801662279005,-0.291419336208801,-0.04711981408446338,-0.14366179503203516,-0.047607865070883895,-0.29272651306175257,-0.04757512766409831,-0.1512023293146823,-0.032884906210814996,-0.29828034341018933,-0.013038962552932179,-0.0755188297293379,-0.0005010331351643923,-0.2441331100512546,0.011162114478360598,-0.052988151432024067,0.019295492780329396,-0.2304135255038182,0.029542530181239864,-0.21097293376021725,-0.06801395537850466,-0.24755640801788173,-0.14072216170873564,-0.1832669019752045,-0.035899721971932745,-0.247019087668022,-0.14455783983253845,-0.2266134528471042,-0.10034699345244033,-0.236422577801027,-0.1155753807257002,-0.25474148667959967,-0.13528142825192893,-0.21779876889899702,-0.06360351486134955,-0.28615352450832093,-0.1798570412698491,-0.24004277396795207,-0.09365451294595242,-0.281836551861968,-0.13625603514407256,-0.2589552347974903,-0.1077992515808875
mfcc2_std,-0.01663896172456089,,0.02141261136207389,0.020658240487654463,-0.06483121119575189,-0.005017430895764643,-0.023200127513018216,-0.1657897033369686,0.6787797221837825,-0.09225152754541467,1.0,0.265827254596776,0.6576123569116166,-0.039783133434605954,0.6234725814821671,0.18340566939299358,0.5671517386137052,0.09953211462585432,0.5453622722130446,0.11977906600309136,0.5120754044577539,0.10511110338025034,0.5023520934117942,0.07885362282120284,0.4610308131092604,0.07443709196702121,0.41903130947046363,0.10847501713463213,0.3938028271044699,0.06090882469736287,0.3474256888015487,0.11771413473210425,0.3178002501844181,0.07610407648923492,0.293448005884121,0.13555746982203892,0.27185614426653054,0.08793490835927739,0.2552147774654682,0.11206599900084271,0.24892640520549364,0.09260452089824915,0.20777181777030046,0.10502072881024553,0.18287783746575467,0.08168722463202581,0.15541011278693037,0.06655862817299461,0.20853158732489996,0.05129243794319494,0.1931118130508422,0.0009569511043053089,0.1317124691914102,0.03273285468325462,0.2120048811900279,0.006616095031343062,0.12986498839170732,0.05720318977804297,0.20755900038390282,0.038555268499098225,0.16540734099367085,0.031121878778582853,0.1537874304245472,0.0725513991526328,0.23604227400002595,0.036285894343145955,0.15827470194518473,0.0910807160324125,0.22088748904813693,0.040375317519717936,0.1451278419651789
mfcc3_mean,0.015106911920078717,,-0.08698436306840714,0.020174400110411272,-0.33658648461019824,0.0364293185020489,-0.08299042248382299,-0.2413546995462718,0.2569680016435495,-0.050563671130499595,0.265827254596776,1.0,0.2044417123425813,0.03537123317321937,0.15240867690236792,0.45564013259091385,0.12019295454092555,0.291267361490963,0.11320495063481588,0.2604161697901617,0.11350219045857712,0.19636799464064783,0.12484737436507472,0.14732905701644325,0.1204743156917765,0.11720981847160461,0.1058267444166086,0.12924532692651475,0.10196039084244819,0.07592901004287915,0.08651793019882187,0.11004959910579858,0.08740832557395903,0.1014300805252843,0.09401635210096536,0.1219059343068455,0.07504437637276141,0.08843782877262354,0.07471363982878988,0.125524779941572,0.059398312238642136,0.10907672567303088,0.05346765260890387,0.07577035920237914,0.04888471173248484,0.07780524712491277,0.03320480466643919,0.04233875422325553,0.10343936081462408,0.02155795152239131,0.05411564294738386,-0.0010261600364383457,0.042220216909993925,0.02802782850173869,0.08912791972669891,-0.011087869780060263,0.008896225425187221,0.06969916455037282,0.1243359048905412,0.03333682185648529,0.04376310236073783,0.0316645340803783,0.0653655172562051,0.06503228879573289,0.09857570188421864,0.034269529064097054,0.051126948691760474,0.08649138090743771,0.11930336040268145,0.010362838392080399,0.017268014769375624
mfcc3_std,-0.012055332440479991,,-0.043458157579468325,-0.05180060275350816,-0.07931194738998384,-0.06326262976834844,-0.0365867694860426,-0.24444803834075815,0.6108165419620538,-0.02619628712124217,0.6576123569116166,0.2044417123425813,1.0,-0.05190575483145686,0.715333239013062,0.210622321149871,0.6652765607604857,0.015359729077060208,0.6439162392551129,0.13936610133798194,0.5958720051263168,0.07417259143344034,0.5861919375399717,0.09665262658068804,0.5388632212652812,0.05776199158776567,0.4802229360505238,0.11988184372454885,0.4372114568090659,0.036842404521308124,0.40280536802930794,0.12051880744304451,0.3578556119607094,0.048079309723957506,0.33194808245089824,0.14185149077768466,0.3061724836569421,0.05989404008158302,0.2983796526872165,0.12264619229209146,0.2899722381244497,0.06506763496939205,0.25295767853983797,0.12161662934960989,0.23204956485204142,0.058177253071143485,0.20013743315903385,0.04449703665670151,0.2130285825177366,0.03406756467728456,0.20202304024953793,-0.010936946307925745,0.14119480708930063,0.01898460150408973,0.21242869608385545,-0.019652150609282857,0.10961746560998903,0.04006944154721724,0.21840779934767554,0.01885539524346485,0.1644452343160547,0.014449377991862557,0.15223555866307814,0.055404129686611944,0.2327283075015388,0.02479211887930108,0.1452304288585034,0.078714493976424,0.23275141834852892,0.021035367224219566,0.13638886665239
mfcc4_mean,0.05578941627374878,,-0.032398913663514425,0.0025982346728501467,-0.10420209303775536,0.12940003736847408,0.028598819322978197,0.1457225713888724,-0.014480523246906156,-0.09671116266677039,-0.039783133434605954,0.03537123317321937,-0.05190575483145686,1.0,-0.06661498233500857,0.22247914671294963,-0.0601777914488532,0.3478919816792991,-0.10337323537051477,0.26121874268751755,-0.12387810756279083,0.24031760990280074,-0.14667812577131556,0.21489778831364403,-0.142380856109821,0.11055711889223363,-0.1533939049472476,0.10878504860891121,-0.1650779240330995,0.13326309089890476,-0.1781143198323398,0.06185866797587645,-0.17508203165869768,0.026570979239023282,-0.18245555444968828,-0.0077891089207297575,-0.1737805568141811,0.03725101869340196,-0.1656068248397566,-0.022449898500126853,-0.16677194705903642,-0.024899612753678836,-0.16500315619094616,0.000208635698465204,-0.16529722255341295,-0.06030699579565677,-0.1610337693943226,0.0887678776322912,0.00031786780493290256,0.14157349319612605,0.0358347504060323,0.13075372658831796,-0.0003853615574446804,0.1460343845393854,0.03679939012439451,0.13466068474699833,0.02298155350773446,0.13453075420269567,0.028954446259789633,0.13095676966961803,0.0320423015714043,0.09579379018722081,-0.004041224441264761,0.1352775436432986,0.03709907956275538,0.12707040334445224,0.026429790476555883,0.13572875751610322,0.04225314216171363,0.10141015080407938,-0.0008863959185447098
mfcc4_std,-0.024967481711047807,,0.01559862696184752,-0.003028273864077348,-0.013400266128446883,-0.05869565363303273,-0.024223214050791714,-0.20897624505624196,0.5296421592253105,-0.08516640231268478,0.6234725814821671,0.15240867690236792,0.715333239013062,-0.06661498233500857,1.0,0.08643119209001314,0.7584705881229455,-0.035066761455213924,0.7269038837272043,0.10993796673268658,0.6887995503379347,-0.008873788383329447,0.6523990515573018,0.040823079437112,0.6203724194686209,0.0371443885514527,0.5744176748931724,0.07832277289006362,0.5227758576701897,0.014676097524933915,0.479708661143035,0.06909415478581635,0.4370642078937456,0.034368843926205817,0.40025145653184413,0.12460870831634527,0.37264019182718594,0.053164420945077506,0.37774093979295736,0.10087274032138377,0.36569129554124336,0.07424172476715317,0.33540720373244354,0.12619601797083962,0.30186006729390646,0.07672957693193781,0.26734778623144706,0.0026920059449038864,0.2149938760745919,-0.012569086529437948,0.21894020188432242,-0.05128005197743239,0.1521811504393317,-0.02548344810978126,0.22865171264458514,-0.05981960265235929,0.13330353536913703,0.005234927440250469,0.2301340558063905,-0.01289422999116834,0.1893986135003576,-0.017773139538569824,0.17598728012049392,0.022359830554550337,0.26017097570875647,-0.0059678976392827715,0.17616542834060897,0.03780551399335595,0.24190958357876968,-0.02250835757643921,0.15749068182387096
mfcc5_mean,-0.004631519625917244,,-0.1592168315540425,-0.08648406865049643,-0.3276541321450719,0.11329116491377382,-0.04799422748972929,-0.10659155331790003,0.15931426132353402,0.07161148094691874,0.18340566939299358,0.45564013259091385,0.210622321149871,0.22247914671294963,0.08643119209001314,1.0,0.056429561103648496,0.3411618682367393,0.05361790626769173,0.4630619725959035,0.003081352552714255,0.35677033500392313,0.022383140446930516,0.31855013580824026,0.014579982924700745,0.21324017884129645,-0.031184366652869663,0.23364250837660733,-0.038701972680725484,0.17278959700699817,-0.06237984579919989,0.2058068298080142,-0.07086495683903836,0.12875445974163405,-0.0787178488265479,0.1529974197523974,-0.09006296991302587,0.11132612793426118,-0.09153201324265893,0.1169089229916219,-0.10170641243699347,0.08789285673345844,-0.11251747377185538,0.1108388529628528,-0.11446428123175091,0.024941117986405723,-0.12268201211191725,0.13227758423587688,0.06577429292365695,0.14894846368790374,0.05175091668069168,0.11468481555631087,0.00667175306095591,0.16203153817741908,0.0945799805499582,0.10136353155172695,-0.017690115226857074,0.1501464141644787,0.0885741643521374,0.1436036399441376,0.044953069335430335,0.12167497048111336,0.008702236359828978,0.1753963608218056,0.09752512539034654,0.13005016479833384,0.02405399217250912,0.18645038856917107,0.10884114369251273,0.12781953665945572,0.008522667673219629
mfcc5_std,-0.04799083640058484,,0.02471460314681049,0.0038326296754239955,0.004775233976441014,-0.07866651501856356,-0.00022576979488126125,-0.21400875335287092,0.521314653616325,-0.10506411525761951,0.5671517386137052,0.12019295454092555,0.6652765607604857,-0.0601777914488532,0.7584705881229455,0.056429561103648496,1.0,-0.03198433990043638,0.7717307295044575,0.042776935693813994,0.7647625150469166,-0.013011662281500464,0.7051105135817282,-0.006694007368439278,0.6948466919704547,0.024003674500022675,0.6244353553243148,0.08292897474034683,0.6021853841265298,-0.013859367661769144,0.5396588151602615,0.08295602572754408,0.5017869921323798,0.03486982987717176,0.45251588346832183,0.11376218647717495,0.4238932222179104,0.06104717035752248,0.4107478309830044,0.07073947370399765,0.4015164470149966,0.05576046428604385,0.3589334960107427,0.11062102288782667,0.3324235806105747,0.048876519179293046,0.2944585565026992,-0.013506863467151714,0.2244419759370853,-0.027526832296139257,0.23840821972922568,-0.06283078938714325,0.16900483957630633,-0.03455935182796211,0.24116555000523032,-0.07744544287059867,0.14736630222244534,-0.01949544907106045,0.2228269894756886,-0.030274147941389582,0.19888430278999708,-0.03606450244431872,0.18097753957210924,0.003758798695147725,0.26735009163698537,-0.020729001307558854,0.1893013245259329,0.023539429968793317,0.2555005019586722,-0.03503938354887393,0.17955702386404143
mfcc6_mean,0.03355598140253303,,0.1318703023574348,0.20793874707595886,-0.07515324263411362,0.22998788929265593,0.008052148422167744,0.19880177653231157,0.07194072327048646,-0.228476646831826,0.09953211462585432,0.291267361490963,0.015359729077060208,0.3478919816792991,-0.035066761455213924,0.3411618682367393,-0.03198433990043638,1.0,-0.12495693720677271,0.44986487380703755,-0.07959627286014094,0.5519605754522583,-0.09744575613797091,0.4436459421547092,-0.12439307226518552,0.3931460620924498,-0.1710076753817143,0.36547674601831737,-0.14127703921978435,0.36505647423227394,-0.1669045752840904,0.3118699346273116,-0.1861278489686891,0.32692386277446106,-0.1924527969462064,0.23698131023735372,-0.2099700253492739,0.2843191008493122,-0.24468738609669421,0.19425659140737375,-0.24540404223398676,0.20196037330294608,-0.24696438676015633,0.11639347136557554,-0.24087502399724817,0.15740886452364422,-0.23729191389200863,0.2851278978091549,0.05933358112682088,0.3213944359508062,0.07066836322669216,0.2509283013709764,-0.032652922877739646,0.3090866946216509,0.11169670693476075,0.2534027332800632,-0.018041154885475946,0.3267395271040435,0.11511632269055279,0.30884760125986843,0.03851827829756379,0.2619810850795084,-0.011320670061155688,0.3312583364080755,0.11276441083578423,0.2665661480162266,-0.004948322773999208,0.3381209380972882,0.10162909679283559,0.29074117022025,0.003283940683238126
mfcc6_std,-0.028175686489321047,,0.031158252386991634,0.006779683860346937,0.010401330175308013,-0.0873614935200187,-0.018937553503851814,-0.2141825902025095,0.4882552177482797,-0.107911221688559,0.5453622722130446,0.11320495063481588,0.6439162392551129,-0.10337323537051477,0.7269038837272043,0.05361790626769173,0.7717307295044575,-0.12495693720677271,1.0,0.03623726337831495,0.7892423029975194,-0.05845366539793789,0.7617103193914414,-0.04347140650071565,0.7297347750961216,0.00936737156490573,0.6749785760648856,0.025119785920673102,0.6284650740771024,-0.04478983332574607,0.5919260927339316,0.03077871889659404,0.550263646702465,0.01459271679556349,0.5128938444713743,0.09330492128120418,0.4756136987576183,0.03311073293906711,0.4719136306626458,0.08067385475168982,0.456057728386605,0.06622564158438492,0.42347941738308537,0.09888179673320187,0.39890094428950607,0.06427551971381072,0.3627387618215441,-0.052289503140274626,0.2184514137051131,-0.07210109578274883,0.2216566594101117,-0.10471176323064141,0.17058011605372184,-0.08835549260704624,0.21786247553647906,-0.10482325375153072,0.1653190070725218,-0.06004457038423481,0.21228912161450836,-0.05834817707146048,0.20962534199987043,-0.058822703678931526,0.19634301185005637,-0.04318999446695622,0.2568361155685922,-0.06258475351270221,0.19448457374581615,-0.03488312747885429,0.23751654102066577,-0.0730782079367823,0.1850569626400776
mfcc7_mean,0.03817173818339438,,-0.023519637410837423,0.03395961003721898,-0.18933695146787408,0.18758093961595967,-0.020967546372336214,0.044250880408738674,0.11546712667803458,-0.050925992205871635,0.11977906600309136,0.2604161697901617,0.13936610133798194,0.26121874268751755,0.10993796673268658,0.4630619725959035,0.042776935693813994,0.44986487380703755,0.03623726337831495,1.0,0.012118147262603466,0.4822361258026836,0.007381793380262835,0.511653797771918,-0.031216677742243765,0.4158455437036021,-0.05110865840559581,0.34864718907512315,-0.07046328519876091,0.3496027841073957,-0.08990000313806881,0.29565404144470164,-0.09008277696626169,0.26070236040936445,-0.11932979881092076,0.264376726167153,-0.13093297063878837,0.19631594275045502,-0.1303592920713446,0.22388541322960737,-0.12900970662464403,0.1853644793930346,-0.1288931160691508,0.1465575441137953,-0.11072045678805086,0.14149815108920158,-0.12050026116444458,0.22653736741912528,0.07985755034534153,0.2353872812856319,0.048959951437975664,0.20134707824504028,0.0020122397247046998,0.2546624069235541,0.11478968201895187,0.2122557480716389,0.007424922177308061,0.2521051351995857,0.11055097440074325,0.22392934390215144,0.023614824145052362,0.2092209070546184,-8.710288034336976e-05,0.28139243075290316,0.12416197740296135,0.22434590156846831,0.02442895248979655,0.2680682336457346,0.09903280128341817,0.2233763547534571,0.01384585697648972
mfcc7_std,-0.033704523594443814,,0.04200865201142755,0.015489481300102578,0.029167921724989956,-0.09764551531088722,-0.017118048317289393,-0.2270576562305218,0.4761908059997766,-0.1321666653492989,0.5120754044577539,0.11350219045857712,0.5958720051263168,-0.12387810756279083,0.6887995503379347,0.003081352552714255,0.7647625150469166,-0.07959627286014094,0.7892423029975194,0.012118147262603466,1.0,-0.06826904211825877,0.8020015375986274,-0.05710859480689991,0.7656363881617404,0.007908341459059845,0.7114855887653938,0.02226207092343688,0.6756306703728874,-0.03903900820755267,0.6344980845998895,0.047728451612253066,0.6036963254178382,0.018840232577261928,0.5602166151145545,0.09581832042816109,0.5308261100239543,0.026618958513901423,0.5073367977065244,0.06185458465141481,0.49235027091696953,0.051079921869154894,0.4593746809209624,0.08840924844142953,0.43977665555398693,0.061001892179298245,0.40548681961993344,-0.06493134191129848,0.22307701302203772,-0.09309213438460145,0.22604313181723176,-0.11220407921557474,0.18560782489030678,-0.10497499397712744,0.22109869189304135,-0.128836956277996,0.1601636145831764,-0.07703453555131845,0.22022202974625957,-0.08311225016530811,0.19722668706448793,-0.08160508796878826,0.19371329357342273,-0.061221843629257484,0.257088913320445,-0.06667126308954102,0.20377663904404875,-0.039229164301805605,0.24437014205307117,-0.08464893971326683,0.1957179898257882
mfcc8_mean,0.011575560005854042,,0.24047464440390093,0.30595500693639566,0.018173853852058917,0.3086375231908689,0.014558736684257957,0.3169830492013767,0.03942160659803608,-0.2781975474025054,0.10511110338025034,0.19636799464064783,0.07417259143344034,0.24031760990280074,-0.008873788383329447,0.35677033500392313,-0.013011662281500464,0.5519605754522583,-0.05845366539793789,0.4822361258026836,-0.06826904211825877,1.0,-0.09174110342256653,0.5381206049189458,-0.08944437928347425,0.5633160629110728,-0.1604251136677695,0.5045985869957375,-0.15920129073414088,0.5038662962845356,-0.19532904692308656,0.4316931573923197,-0.2156534238817727,0.43321763821331877,-0.23778016542619226,0.3464584944494288,-0.2705181047655001,0.39347553707997823,-0.30724178205072483,0.24536940515708847,-0.3068405771358135,0.2893805837853627,-0.3090621394564154,0.1794901637688793,-0.2910892925336595,0.2000132074162655,-0.29629854166602265,0.3359585407786472,0.03743716320708049,0.37945728893595826,0.08954697630349026,0.2946937839795113,-0.054564153267396207,0.38977253834213843,0.13036559700714262,0.3276903804376719,-0.00026728633251324165,0.3637151621063361,0.09614574785390725,0.3676468176992695,0.06009300081864777,0.3178401756647994,-0.031378246613682895,0.4212747228490146,0.15819834749169584,0.34939642305596497,-7.773625927855094e-05,0.42370761917969574,0.11514245920361131,0.3790506085367385,0.03197615848307014
mfcc8_std,-0.015295747693376117,,0.021327632912802545,-0.0007820432881137343,0.014878528083146797,-0.11465635105959876,-0.027243107815984362,-0.25417424238212066,0.472685048069679,-0.10426274102862397,0.5023520934117942,0.12484737436507472,0.5861919375399717,-0.14667812577131556,0.6523990515573018,0.022383140446930516,0.7051105135817282,-0.09744575613797091,0.7617103193914414,0.007381793380262835,0.8020015375986274,-0.09174110342256653,1.0,-0.0442697371038947,0.8009923211575007,-0.0151044634546485,0.740564725816474,-0.0011952951497125157,0.7114059185779462,-0.051881288691725244,0.6826202702133356,0.029556526482353893,0.6500677798187103,0.01577701590179029,0.6223478138672823,0.10304649799885895,0.5704922736637372,0.04178552225917913,0.5395313610505875,0.0906655003272057,0.5246599977203893,0.04985334443306091,0.4999662329412393,0.10185090344646265,0.4748439982737549,0.06510760385067225,0.4439839771195749,-0.07978287246683405,0.220778333985977,-0.12105947552960936,0.1928575004447258,-0.13701705114836174,0.17399909204940184,-0.1339799826502456,0.1929562571938674,-0.14124319788455056,0.14863943538488114,-0.09928786872377011,0.2049600026218981,-0.1134557692569312,0.16612164859680115,-0.09489218477952555,0.19551289223040483,-0.08279351081656856,0.23192193165450348,-0.08499556693175468,0.19425171938181998,-0.0651180717014141,0.22789930371446915,-0.10323185270902493,0.17486328716112173
mfcc9_mean,0.01531250680366251,,0.08511309925656786,0.1343340678131373,-0.05867416570496387,0.1900065484021733,0.0034763605301616762,0.10333842744969737,0.07083739091010412,-0.12239040072234568,0.07885362282120284,0.14732905701644325,0.09665262658068804,0.21489778831364403,0.040823079437112,0.31855013580824026,-0.006694007368439278,0.4436459421547092,-0.04347140650071565,0.511653797771918,-0.05710859480689991,0.5381206049189458,-0.0442697371038947,1.0,-0.10589171836695607,0.5223196909285669,-0.14038129623178905,0.49892204715541144,-0.1339758501503988,0.46994087706031024,-0.14111049476292303,0.4023987956278077,-0.1518842849535307,0.3861160109193872,-0.1695359765918294,0.35149895789696506,-0.18502380716593572,0.33247849197819396,-0.22060735085722163,0.3254621201525954,-0.22857888651530733,0.24995885772055446,-0.20865613973065383,0.23877458390443984,-0.18776995231077484,0.23842081145577576,-0.1892977733581671,0.28119146039152315,0.042296287590018466,0.2941752422076227,0.029506081091687262,0.2279354353311199,-0.054030329013144425,0.29828628305164134,0.09174684181491977,0.2505198709749176,-0.035870213072043085,0.30145653249922283,0.08161670470713332,0.2816373450851985,0.010010601481314396,0.25653558665734877,-0.031110902903433022,0.3397948694992244,0.11686204252537724,0.29007655409747557,-0.0069775123223198635,0.3451458057263795,0.08251750237684514,0.29506688592418084,-0.015088646538998513
mfcc9_std,-0.028165673257106717,,0.014280614193473849,-0.012223090180570195,0.02065310678225041,-0.13340289912989123,-0.02526163222810641,-0.26924854364480594,0.4524745318176158,-0.10915697996466885,0.4610308131092604,0.1204743156917765,0.5388632212652812,-0.142380856109821,0.6203724194686209,0.014579982924700745,0.6948466919704547,-0.12439307226518552,0.7297347750961216,-0.031216677742243765,0.7656363881617404,-0.08944437928347425,0.8009923211575007,-0.10589171836695607,1.0,-0.01971377901510687,0.800114963518251,-0.013801816991670237,0.7609775152076663,-0.08909049973093573,0.7304379111164163,0.013638329259868857,0.6995856770078187,-0.014031167423815261,0.6544986050655084,0.06821626914731119,0.6037825136185282,0.01633900019683919,0.5761387001222266,0.05565517348043083,0.5637690645632512,0.04431628007723353,0.5373986773403951,0.0784836110613901,0.5217951357894476,0.034883275229036455,0.492047369869591,-0.12024969624197042,0.2222572936541114,-0.1631177394414247,0.19113988273581028,-0.17507514178404016,0.17411929391345357,-0.17260386333858535,0.18908998362996812,-0.17613028742238446,0.1641750707057889,-0.14459751177349342,0.19457488994090558,-0.15716708797162968,0.16856379507774247,-0.12815839954776342,0.21753323633466104,-0.12065585278154316,0.2285371986196961,-0.12354606553705642,0.20372231797450052,-0.11422714749301044,0.22239387776497727,-0.15139066214596536,0.17966179700398466
mfcc10_mean,-0.004843090130621823,,0.30377569444077657,0.3506628377220162,0.10578424037793147,0.2771543606866264,0.016228924166850685,0.30629585052594105,0.012167947987878172,-0.32083279409076826,0.07443709196702121,0.11720981847160461,0.05776199158776567,0.11055711889223363,0.0371443885514527,0.21324017884129645,0.024003674500022675,0.3931460620924498,0.00936737156490573,0.4158455437036021,0.007908341459059845,0.5633160629110728,-0.0151044634546485,0.5223196909285669,-0.01971377901510687,1.0,-0.05854813464291825,0.5737975626681898,-0.07365923499179605,0.5852086927504242,-0.10534817873927403,0.45759268691690397,-0.12348670101984266,0.47068952907196693,-0.14742935250515582,0.41643812191406265,-0.1666348445249554,0.42235669195892506,-0.18681758539484972,0.2918025510556762,-0.19864459529236841,0.3673959155539524,-0.20609228383341133,0.2309559978615173,-0.18552076268742332,0.2963628912971911,-0.18213189396022492,0.27237961074413614,0.0232097057472581,0.3038054788234262,0.07979971927547952,0.22892970187356637,-0.06202454561404433,0.34454686109487914,0.13116181081802528,0.3349138214639634,0.04119653766471543,0.37411722191278596,0.13555832796672718,0.3689724667569249,0.09660707311900578,0.32859828741342356,0.005223919011476831,0.4148979342570963,0.1849007762502446,0.33320638738249797,0.026773143469735458,0.3710827248644905,0.11067366074201183,0.31487063495754947,0.014692285471825517
mfcc10_std,-0.01360130949469462,,-0.012147971655710976,-0.040600869880710266,0.012821895666302336,-0.14601581528149643,-0.012846159379301855,-0.28199756803870624,0.4103611005265096,-0.08571526654930217,0.41903130947046363,0.1058267444166086,0.4802229360505238,-0.1533939049472476,0.5744176748931724,-0.031184366652869663,0.6244353553243148,-0.1710076753817143,0.6749785760648856,-0.05110865840559581,0.7114855887653938,-0.1604251136677695,0.740564725816474,-0.14038129623178905,0.800114963518251,-0.05854813464291825,1.0,-0.08094513611824136,0.8017830658931484,-0.1190848285373993,0.7642462755311373,-0.039615972825060894,0.7280716578158345,-0.0591640933496981,0.6872222199677044,0.03694529647905442,0.6401337549596217,-0.023348599633191993,0.6205345050907664,0.025790276508319596,0.6031898495160126,0.02538052209380241,0.5877684605835144,0.06030259320855,0.5809288334014788,0.036540676364266264,0.5642236661769625,-0.1763353237307403,0.19051683935050887,-0.21416409355546542,0.17619078290329204,-0.21090469529375425,0.18325864413580725,-0.22803298735879632,0.16673027642855345,-0.23036554079202895,0.1540078956769215,-0.19323334167921294,0.176224437795205,-0.18851724165299696,0.1720713507484482,-0.16481470026206643,0.20643685168288772,-0.1742839958185699,0.20125972866647113,-0.17451357322600225,0.1968327531191821,-0.1756560634996474,0.19023125602168062,-0.1978635426237227,0.16972138502056977
mfcc11_mean,-0.016936877774348724,,0.13955908438342224,0.1814378439331559,-0.008349858004926748,0.20684388186237634,-0.024319618246004253,0.14313154204593784,0.07583765671478432,-0.14816759092102155,0.10847501713463213,0.12924532692651475,0.11988184372454885,0.10878504860891121,0.07832277289006362,0.23364250837660733,0.08292897474034683,0.36547674601831737,0.025119785920673102,0.34864718907512315,0.02226207092343688,0.5045985869957375,-0.0011952951497125157,0.49892204715541144,-0.013801816991670237,0.5737975626681898,-0.08094513611824136,1.0,-0.06747970345689,0.5920696266779994,-0.08610519885755483,0.5473739188827622,-0.10102604529531667,0.4743291208355997,-0.13105765529231325,0.42895406407628056,-0.1562404063330978,0.43032518785547674,-0.2005739534782233,0.34383766904132795,-0.22021933337239283,0.3347100826253682,-0.22919771424352675,0.3127876878649711,-0.20888769239441585,0.27886390842493847,-0.209390710557039,0.24194434668280437,0.030954767414379587,0.3093381309883508,0.06650555689325936,0.27645992985983475,-0.036781604126233644,0.375290498438427,0.1507369275993975,0.33226938597271855,0.00824335640864583,0.3931411151111744,0.16742425372058847,0.3397256935803286,0.05475821996797927,0.28203040149588304,-0.023610182689829146,0.3371109363184161,0.13514379443636115,0.22370330787337345,-0.05596179416707493,0.2878280845237541,0.07026013812618198,0.22639732724406536,-0.043553140156714326
mfcc11_std,-0.020857659643799632,,-0.018088229707775585,-0.04616816380423262,0.017416559141785578,-0.15840655503448564,-0.009078860928835716,-0.29180963011258626,0.39363831533315075,-0.0804801662279005,0.3938028271044699,0.10196039084244819,0.4372114568090659,-0.1650779240330995,0.5227758576701897,-0.038701972680725484,0.6021853841265298,-0.14127703921978435,0.6284650740771024,-0.07046328519876091,0.6756306703728874,-0.15920129073414088,0.7114059185779462,-0.1339758501503988,0.7609775152076663,-0.07365923499179605,0.8017830658931484,-0.06747970345689,1.0,-0.1179909637231089,0.8136253242773663,-0.02008174825853517,0.75596595809705,-0.04906576258450462,0.7137696026333867,0.03200039810660412,0.6762406817200225,-0.009781303925079622,0.6291565536168391,0.022860587932640807,0.6044385912123564,0.015583291843252049,0.5930670301701177,0.05025569775521777,0.5901052737263836,0.051299765481939666,0.5889587804797806,-0.17687115680622742,0.19215613041198967,-0.23311279561549364,0.1458020215456419,-0.22488753180469992,0.17889160962173245,-0.2490375049920569,0.13555695132570061,-0.2244202102753412,0.16283464352131127,-0.17523584161286143,0.19614450614471357,-0.20345228956094755,0.14652555690680857,-0.18380207976066443,0.19610503621945982,-0.21410545130024627,0.15078645279540828,-0.18774735012340232,0.19718067211994109,-0.18867952383307854,0.1751318883291915,-0.1999596171922829,0.16946341218208585
mfcc12_mean,0.007461511507380225,,0.2972413128006051,0.3400372969847879,0.12484859292797576,0.2707938020326981,0.007312286588519164,0.31395095771097337,0.003781470223862047,-0.291419336208801,0.06090882469736287,0.07592901004287915,0.036842404521308124,0.13326309089890476,0.014676097524933915,0.17278959700699817,-0.013859367661769144,0.36505647423227394,-0.04478983332574607,0.3496027841073957,-0.03903900820755267,0.5038662962845356,-0.051881288691725244,0.46994087706031024,-0.08909049973093573,0.5852086927504242,-0.1190848285373993,0.5920696266779994,-0.1179909637231089,1.0,-0.1401957045697346,0.5915418805613889,-0.14372646788953303,0.5589840157881022,-0.14806804925973832,0.4606796695331429,-0.1789922375668287,0.46233837805381106,-0.21964411018869137,0.32206480119833086,-0.24437708872613562,0.37113050216025883,-0.24780446965328762,0.274532736013053,-0.24148352546566224,0.30700464637964964,-0.24198243809389147,0.35833924773878056,0.05284920631337571,0.40582855923375044,0.08484764742678327,0.3475167949014647,-0.01750744205105225,0.42102322693632965,0.1511358075938119,0.35514510349731077,0.009056812840537679,0.3654923257431805,0.1100064606298357,0.32144729931277216,0.02224706812250462,0.2631438579011748,-0.06430525049778911,0.3402382912862134,0.11678775648927743,0.2544300987515038,-0.056629428144665504,0.34836257599582343,0.07196463313751147,0.33872126413479164,-0.0060513829734208
mfcc12_std,-0.012508701654533015,,-0.05581508464565193,-0.08691527922933148,5.538988657691703e-05,-0.18366782677101243,-0.015014715155643425,-0.3230732096428711,0.36051720445307744,-0.04711981408446338,0.3474256888015487,0.08651793019882187,0.40280536802930794,-0.1781143198323398,0.479708661143035,-0.06237984579919989,0.5396588151602615,-0.1669045752840904,0.5919260927339316,-0.08990000313806881,0.6344980845998895,-0.19532904692308656,0.6826202702133356,-0.14111049476292303,0.7304379111164163,-0.10534817873927403,0.7642462755311373,-0.08610519885755483,0.8136253242773663,-0.1401957045697346,1.0,-0.04391946573813925,0.8235593217370668,-0.06628346518779135,0.7572938522333744,0.014905566783928514,0.709988239688628,-0.027877821855695845,0.670324504531116,0.04039828228309043,0.6457226396478308,0.008002223577378322,0.6395253311682115,0.04066473035345689,0.6373027535746227,0.02700664337754214,0.6376309253215414,-0.2005565217988357,0.18968543796838946,-0.2630236380629124,0.12299097997268144,-0.23264433207166846,0.19359573585667922,-0.2765255559857073,0.11801897096690248,-0.26275396877221635,0.13505805657141512,-0.2315439036624804,0.16137525355710008,-0.26579248050923,0.08815501322141375,-0.21663578500901604,0.19164546504143498,-0.2408503581875174,0.1299146344157552,-0.2027298861097327,0.19427120291450273,-0.21960078737934813,0.1488656670101799,-0.24481410228036127,0.12723208228497576
mfcc13_mean,0.009273758261338652,,0.14022227245830945,0.18099432212825636,0.0035984435224014188,0.18930825747114943,-0.031266657615056495,0.12862245283083645,0.0805465995208626,-0.14366179503203516,0.11771413473210425,0.11004959910579858,0.12051880744304451,0.06185866797587645,0.06909415478581635,0.2058068298080142,0.08295602572754408,0.3118699346273116,0.03077871889659404,0.29565404144470164,0.047728451612253066,0.4316931573923197,0.029556526482353893,0.4023987956278077,0.013638329259868857,0.45759268691690397,-0.039615972825060894,0.5473739188827622,-0.02008174825853517,0.5915418805613889,-0.04391946573813925,1.0,-0.04714876473843844,0.613589737103128,-0.05164140771803908,0.5465825047257515,-0.08477871973378545,0.4904969819530963,-0.13280193341885158,0.3792589833013951,-0.16712055461700911,0.3609553006769222,-0.1819041271240168,0.31878775988290925,-0.18043906364378734,0.2806891206526279,-0.18253951295364082,0.33433263384726364,0.09219388032434897,0.3279120657517849,0.05852091630819939,0.2647451642181685,-0.009034864891441695,0.30081163387228843,0.09840324041847771,0.23469598751751664,-0.030006154605912817,0.270598162088205,0.08699480635072601,0.22713571773608132,-0.024539028095065963,0.2030503233862945,-0.05988322323991461,0.27755281513521696,0.07533173922198284,0.23519177986754267,-0.04313971558583555,0.31485488555992763,0.05505811360149711,0.3115935383385711,0.015501030257855436
mfcc13_std,-0.0018473933058272358,,-0.06189869432118402,-0.09163163786288576,-0.007602601474324257,-0.1805294646135163,-0.015325098571051717,-0.32589085669125745,0.3547113306296273,-0.047607865070883895,0.3178002501844181,0.08740832557395903,0.3578556119607094,-0.17508203165869768,0.4370642078937456,-0.07086495683903836,0.5017869921323798,-0.1861278489686891,0.550263646702465,-0.09008277696626169,0.6036963254178382,-0.2156534238817727,0.6500677798187103,-0.1518842849535307,0.6995856770078187,-0.12348670101984266,0.7280716578158345,-0.10102604529531667,0.75596595809705,-0.14372646788953303,0.8235593217370668,-0.04714876473843844,1.0,-0.05435293008350552,0.8316917210907521,0.02085096981317042,0.7571124551787645,-0.035577711568755416,0.715649648481881,0.03328110978948341,0.6959128835652861,-0.013184069721320421,0.6950054998463833,0.03897027753298254,0.6851466723937034,0.00944014940775588,0.6733674039151941,-0.2113764189802569,0.2108043720607336,-0.2841759708185956,0.11761290877027063,-0.2564484734061017,0.20408484501790658,-0.3091369759041621,0.1031045238019251,-0.3016773928272908,0.11825488311113995,-0.2727608931984896,0.14276706842307046,-0.2969293425827043,0.0881035725676811,-0.23040765628728344,0.20915167945691424,-0.2713779290334897,0.12482746126118154,-0.24454530121095777,0.18012317429750843,-0.2562958342337483,0.13848477679436122,-0.26767431434850475,0.1360333056372403
mfcc14_mean,0.004164034369417867,,0.2982578707042539,0.33983328989309025,0.11940646444104132,0.23574561883259584,-0.011357396392503445,0.2581584468539376,0.015913337745140317,-0.29272651306175257,0.07610407648923492,0.1014300805252843,0.048079309723957506,0.026570979239023282,0.034368843926205817,0.12875445974163405,0.03486982987717176,0.32692386277446106,0.01459271679556349,0.26070236040936445,0.018840232577261928,0.43321763821331877,0.01577701590179029,0.3861160109193872,-0.014031167423815261,0.47068952907196693,-0.0591640933496981,0.4743291208355997,-0.04906576258450462,0.5589840157881022,-0.06628346518779135,0.613589737103128,-0.05435293008350552,1.0,-0.06559510995399233,0.6289663571198458,-0.09222071899175138,0.604055790466387,-0.12982665456831086,0.46009757589547207,-0.1641356719725332,0.4072378523390455,-0.18669341088893898,0.2950074953309002,-0.18991564148880252,0.344723756771121,-0.1951605777594497,0.3552402104705047,0.09029684498093184,0.32733233864737704,0.05990970551553154,0.22683591066765296,-0.04346138136351521,0.2858122132228141,0.07501127486279062,0.24536781177483724,-0.028746971946739825,0.278360011596151,0.06703687078781524,0.2574208584512436,-0.010650929431370287,0.25586650325801447,-0.04458551469425463,0.35161649370891723,0.11416098972031437,0.3210373712337837,0.01340588639860033,0.38634041271776365,0.08950682024509335,0.3710160312570115,0.043428447831610734
mfcc14_std,0.002480113255099285,,-0.0651936469769957,-0.09439760814790472,-0.005322981627303573,-0.19478665312283883,-0.02822970243331585,-0.3374870414668075,0.33701585543701923,-0.04757512766409831,0.293448005884121,0.09401635210096536,0.33194808245089824,-0.18245555444968828,0.40025145653184413,-0.0787178488265479,0.45251588346832183,-0.1924527969462064,0.5128938444713743,-0.11932979881092076,0.5602166151145545,-0.23778016542619226,0.6223478138672823,-0.1695359765918294,0.6544986050655084,-0.14742935250515582,0.6872222199677044,-0.13105765529231325,0.7137696026333867,-0.14806804925973832,0.7572938522333744,-0.05164140771803908,0.8316917210907521,-0.06559510995399233,1.0,0.028025290538408933,0.8394417462762072,-0.025276514454598404,0.7480581352282922,0.03089724270089248,0.7183972135180156,-0.006115345373169024,0.7267677523707854,0.040627371229700414,0.7070409853812224,0.018733609376545984,0.6830280694207791,-0.21194021953131684,0.20158218628055005,-0.30379299924509634,0.09511029519500613,-0.27831682048713763,0.17792644293036028,-0.33433902140937594,0.06996169456139101,-0.3076817743400319,0.12921626171587783,-0.2853762261054501,0.12365123839775448,-0.3041556975148761,0.07116102724134735,-0.237026497250055,0.20237574006141187,-0.2899451048651869,0.10029084916514484,-0.26153107262858494,0.168882873154283,-0.27469457444850176,0.11833255966631331,-0.2555736633418025,0.15611021086492766
mfcc15_mean,-0.007779240455655579,,0.13749085296692157,0.17050135032048713,0.0006537410975700573,0.16404325393940822,-0.005214962294075648,0.07994749784048968,0.09640754436295272,-0.1512023293146823,0.13555746982203892,0.1219059343068455,0.14185149077768466,-0.0077891089207297575,0.12460870831634527,0.1529974197523974,0.11376218647717495,0.23698131023735372,0.09330492128120418,0.264376726167153,0.09581832042816109,0.3464584944494288,0.10304649799885895,0.35149895789696506,0.06821626914731119,0.41643812191406265,0.03694529647905442,0.42895406407628056,0.03200039810660412,0.4606796695331429,0.014905566783928514,0.5465825047257515,0.02085096981317042,0.6289663571198458,0.028025290538408933,1.0,0.0004913935170048402,0.6434231608236733,-0.019660136738982523,0.5373741648540736,-0.039563439456401235,0.4651867257584848,-0.07074765499325486,0.3713703285316548,-0.08550228295306467,0.3437285195484859,-0.10950463044367335,0.2609235354305089,0.0830431205367942,0.21639867886603167,0.02311589529941704,0.14100723954505723,-0.03821804608565842,0.20322901942702654,0.05364712095265271,0.16960375260436694,-0.03678654463041755,0.20871456498377206,0.05396345601607174,0.21147189771404032,-0.007032703623105657,0.2369798966313212,0.006555175260892522,0.2962422860752056,0.11056800051532718,0.2774120385267551,0.040512935373158046,0.3169948199796197,0.0893597766084882,0.2941242406213235,0.05725575364709582
mfcc15_std,0.0030812981086298717,,-0.08761334100546116,-0.11731129753842638,-0.02664086739774873,-0.195960041801047,-0.02774288368326374,-0.3426228275389567,0.3225378557130705,-0.032884906210814996,0.27185614426653054,0.07504437637276141,0.3061724836569421,-0.1737805568141811,0.37264019182718594,-0.09006296991302587,0.4238932222179104,-0.2099700253492739,0.4756136987576183,-0.13093297063878837,0.5308261100239543,-0.2705181047655001,0.5704922736637372,-0.18502380716593572,0.6037825136185282,-0.1666348445249554,0.6401337549596217,-0.1562404063330978,0.6762406817200225,-0.1789922375668287,0.709988239688628,-0.08477871973378545,0.7571124551787645,-0.09222071899175138,0.8394417462762072,0.0004913935170048402,1.0,-0.03688909124532017,0.8278158844573624,0.03914574923198075,0.7618830473975878,-0.03214873824471977,0.7424272037298969,0.015629047582589366,0.7227562614270535,0.014300809153321787,0.6857250426008515,-0.24371401004174323,0.17423270514288144,-0.34109447232756673,0.07071109669636455,-0.3015536365105851,0.17233211874467372,-0.3544226867205771,0.05602146531412449,-0.3135677310425317,0.14396571847064552,-0.2967795305652329,0.11605659493923273,-0.3169023146304517,0.07235078388617307,-0.2617812034556826,0.1882396093614743,-0.3175785206710618,0.08097242442504422,-0.2656432404484225,0.18918510088275176,-0.27666387526395253,0.12277033505581575,-0.25436866200163327,0.17060960382055348
mfcc16_mean,-0.003682937711940731,,0.29128364712879945,0.3293446736193233,0.12429096255779824,0.23153553456514023,0.0024466204263885365,0.24262654765798533,0.028094954116549553,-0.29828034341018933,0.08793490835927739,0.08843782877262354,0.05989404008158302,0.03725101869340196,0.053164420945077506,0.11132612793426118,0.06104717035752248,0.2843191008493122,0.03311073293906711,0.19631594275045502,0.026618958513901423,0.39347553707997823,0.04178552225917913,0.33247849197819396,0.01633900019683919,0.42235669195892506,-0.023348599633191993,0.43032518785547674,-0.009781303925079622,0.46233837805381106,-0.027877821855695845,0.4904969819530963,-0.035577711568755416,0.604055790466387,-0.025276514454598404,0.6434231608236733,-0.03688909124532017,1.0,-0.055404301877739044,0.5981192333150227,-0.07729986612044198,0.5335925088496685,-0.11231324105043175,0.4015952498496437,-0.13331063832418308,0.37676649116119804,-0.1621785206925856,0.23976990953949603,0.03224832855565807,0.2241766927885344,0.01626956430401883,0.14862479669602593,-0.07971474545602056,0.23504612732862584,0.03974109265929803,0.2291439231973483,-0.015141832181328098,0.26381516174346137,0.046376777367267454,0.2686171565666811,0.01472376778063267,0.28895413896772315,0.0035719526100563073,0.3563766952950005,0.1085452931518749,0.33321309510910985,0.04649282995239072,0.3619820194002031,0.08164915132899038,0.31909385869968215,0.05733216786280057
mfcc16_std,0.00882903875675367,,-0.11151676785550031,-0.14115087084267422,-0.04873673361566993,-0.21574637099543356,-0.018574920441082905,-0.35745385771386,0.3145341627584255,-0.013038962552932179,0.2552147774654682,0.07471363982878988,0.2983796526872165,-0.1656068248397566,0.37774093979295736,-0.09153201324265893,0.4107478309830044,-0.24468738609669421,0.4719136306626458,-0.1303592920713446,0.5073367977065244,-0.30724178205072483,0.5395313610505875,-0.22060735085722163,0.5761387001222266,-0.18681758539484972,0.6205345050907664,-0.2005739534782233,0.6291565536168391,-0.21964411018869137,0.670324504531116,-0.13280193341885158,0.715649648481881,-0.12982665456831086,0.7480581352282922,-0.019660136738982523,0.8278158844573624,-0.055404301877739044,1.0,0.046229607476568034,0.8535713754902077,-0.014280933718938486,0.77594040461253,0.021308646926577354,0.7416440560282085,-0.001970115307167116,0.7132406874886652,-0.29850187957458174,0.1449047324944628,-0.3621988618094066,0.07410292787579216,-0.29534965366953664,0.1999291159949089,-0.363261129285229,0.06278683185428739,-0.33035673136614435,0.14532800439109908,-0.31257280671179744,0.11328029779246089,-0.3279530371169047,0.08840148086073098,-0.28489111181952453,0.1903144393646877,-0.3311538070191335,0.08283477484746313,-0.25017776398647834,0.233382673088565,-0.2844334592437295,0.13985777036068128,-0.30711152757964866,0.14388743178297547
mfcc17_mean,-0.0004085837532114543,,0.053269235530366964,0.0827606770545149,-0.04354153036061461,0.0964931135113197,-0.026425842659427157,-0.01813767216098096,0.10393812135437441,-0.0755188297293379,0.11206599900084271,0.125524779941572,0.12264619229209146,-0.022449898500126853,0.10087274032138377,0.1169089229916219,0.07073947370399765,0.19425659140737375,0.08067385475168982,0.22388541322960737,0.06185458465141481,0.24536940515708847,0.0906655003272057,0.3254621201525954,0.05565517348043083,0.2918025510556762,0.025790276508319596,0.34383766904132795,0.022860587932640807,0.32206480119833086,0.04039828228309043,0.3792589833013951,0.03328110978948341,0.46009757589547207,0.03089724270089248,0.5373741648540736,0.03914574923198075,0.5981192333150227,0.046229607476568034,1.0,0.03522311749310203,0.5863907598650089,0.022918269774159207,0.4649982558451037,0.017339077555333836,0.3836079697075369,-0.030886170788292165,0.11486634750807258,-0.00511821639448354,0.11767132942801785,-0.028526746528968878,0.08820248658672686,-0.07951453580458029,0.1476362471361205,0.01852350089984896,0.11088927045883067,-0.08931083842208225,0.19669089029676254,0.03818230290645305,0.22002800540848477,0.006219043289051577,0.2580674105018482,0.020230343927667656,0.2956275211511835,0.10470671111441836,0.24162990955298733,0.012794643327888782,0.2445704262279067,0.05442702471844514,0.1464014364056583,-0.03725612332663631
mfcc17_std,-6.162432860333128e-05,,-0.12319292632678214,-0.15675285558770174,-0.05215291738312915,-0.2180038735765952,-0.006467735690040746,-0.3569986154838716,0.31068185517503716,-0.0005010331351643923,0.24892640520549364,0.059398312238642136,0.2899722381244497,-0.16677194705903642,0.36569129554124336,-0.10170641243699347,0.4015164470149966,-0.24540404223398676,0.456057728386605,-0.12900970662464403,0.49235027091696953,-0.3068405771358135,0.5246599977203893,-0.22857888651530733,0.5637690645632512,-0.19864459529236841,0.6031898495160126,-0.22021933337239283,0.6044385912123564,-0.24437708872613562,0.6457226396478308,-0.16712055461700911,0.6959128835652861,-0.1641356719725332,0.7183972135180156,-0.039563439456401235,0.7618830473975878,-0.07729986612044198,0.8535713754902077,0.03522311749310203,1.0,-0.005949639602992898,0.845153217604205,0.027464627338939777,0.7633496080220958,-0.013244112787266062,0.7267330917892596,-0.3015760904986033,0.14869795194990273,-0.36386918220950587,0.08999607710428768,-0.3221840134731809,0.18189955164846192,-0.3806145361744811,0.05943211585654049,-0.3282819497138091,0.14982061570016114,-0.31748394356100434,0.12033176111264851,-0.3414962663488929,0.08033129726485096,-0.2774704627440603,0.20011692462178665,-0.3033407750950779,0.11846676401545449,-0.250305335043346,0.2304264198336209,-0.312548159190052,0.11692780393897347,-0.32741084046719704,0.13229709333447318
mfcc18_mean,-0.009645996187890917,,0.22585484648255968,0.2600441994718101,0.07419251436658138,0.16605036674534832,-0.015264026660890056,0.15628987325656327,0.04044026386720175,-0.2441331100512546,0.09260452089824915,0.10907672567303088,0.06506763496939205,-0.024899612753678836,0.07424172476715317,0.08789285673345844,0.05576046428604385,0.20196037330294608,0.06622564158438492,0.1853644793930346,0.051079921869154894,0.2893805837853627,0.04985334443306091,0.24995885772055446,0.04431628007723353,0.3673959155539524,0.02538052209380241,0.3347100826253682,0.015583291843252049,0.37113050216025883,0.008002223577378322,0.3609553006769222,-0.013184069721320421,0.4072378523390455,-0.006115345373169024,0.4651867257584848,-0.03214873824471977,0.5335925088496685,-0.014280933718938486,0.5863907598650089,-0.005949639602992898,1.0,-0.018625383729301847,0.5592877532394164,-0.01732802456755101,0.4223730610722914,-0.05961229065824475,0.107797443386001,-0.03773073048349544,0.17436919621584937,0.004467542473786204,0.1679053095208951,-0.03536260117847688,0.20778020028602454,0.035512777788491136,0.18333576334797597,-0.042342446790349784,0.25485146677827236,0.05766645449080488,0.3031757598460373,0.06882071789534916,0.306937284853083,0.0487826073845463,0.3287928023816801,0.11660447949200076,0.2640678189758166,0.01591135502610944,0.22425808129556168,0.030705907724221448,0.125872228228965,-0.05696279565877978
mfcc18_std,0.010729318022767787,,-0.13008945613418088,-0.16210667803649367,-0.05175468137250564,-0.22529674574705832,-0.007819011627966879,-0.3590899883372056,0.2819628887085581,0.011162114478360598,0.20777181777030046,0.05346765260890387,0.25295767853983797,-0.16500315619094616,0.33540720373244354,-0.11251747377185538,0.3589334960107427,-0.24696438676015633,0.42347941738308537,-0.1288931160691508,0.4593746809209624,-0.3090621394564154,0.4999662329412393,-0.20865613973065383,0.5373986773403951,-0.20609228383341133,0.5877684605835144,-0.22919771424352675,0.5930670301701177,-0.24780446965328762,0.6395253311682115,-0.1819041271240168,0.6950054998463833,-0.18669341088893898,0.7267677523707854,-0.07074765499325486,0.7424272037298969,-0.11231324105043175,0.77594040461253,0.022918269774159207,0.845153217604205,-0.018625383729301847,1.0,0.046033581957048195,0.8502436974787927,0.012683581695166306,0.7892774602519869,-0.31254115385630243,0.15794635381913408,-0.39424411983664676,0.058841012329120444,-0.32941055829248234,0.18209197765014223,-0.3907810603769907,0.059894103038811146,-0.3500268136640268,0.14605230939108982,-0.3456350773579726,0.10079123874535842,-0.3410442796811629,0.08889265791384734,-0.25934314162682953,0.23456025939263214,-0.3350840856762938,0.09963664880460381,-0.31634874110553085,0.18665984672505057,-0.36787657795736756,0.07342142422179695,-0.33931566248861655,0.1372475412039087
mfcc19_mean,-0.013308918492033547,,0.03269169233511083,0.049634548690619326,-0.032653771450718794,0.08494973501870567,-0.03465326490304992,-0.02620553095490493,0.08655627917963377,-0.052988151432024067,0.10502072881024553,0.07577035920237914,0.12161662934960989,0.000208635698465204,0.12619601797083962,0.1108388529628528,0.11062102288782667,0.11639347136557554,0.09888179673320187,0.1465575441137953,0.08840924844142953,0.1794901637688793,0.10185090344646265,0.23877458390443984,0.0784836110613901,0.2309559978615173,0.06030259320855,0.3127876878649711,0.05025569775521777,0.274532736013053,0.04066473035345689,0.31878775988290925,0.03897027753298254,0.2950074953309002,0.040627371229700414,0.3713703285316548,0.015629047582589366,0.4015952498496437,0.021308646926577354,0.4649982558451037,0.027464627338939777,0.5592877532394164,0.046033581957048195,1.0,0.03761126812104075,0.566550586939843,0.01739591310419489,0.0988531499225121,0.0014090965415831506,0.12686104381736862,-0.025853697125899685,0.10750785055717156,-0.05017363787779757,0.14509399859899744,0.005386973080625363,0.13632702933088292,-0.033559165309263485,0.2127081059061402,0.06567573826079855,0.27240004407086227,0.06799576943827693,0.28282240168914075,0.08040245045316848,0.2169780700749108,0.052991715702112516,0.10714563092379514,-0.05255361019596396,0.08389904365185599,-0.04332753580411114,0.054717017952412884,-0.07185612077656665
mfcc19_std,0.011829263539822586,,-0.13446534701397225,-0.16654261689558517,-0.05014556277459613,-0.22532737794163069,-0.01652480714327623,-0.3515465092768149,0.2619574074913528,0.019295492780329396,0.18287783746575467,0.04888471173248484,0.23204956485204142,-0.16529722255341295,0.30186006729390646,-0.11446428123175091,0.3324235806105747,-0.24087502399724817,0.39890094428950607,-0.11072045678805086,0.43977665555398693,-0.2910892925336595,0.4748439982737549,-0.18776995231077484,0.5217951357894476,-0.18552076268742332,0.5809288334014788,-0.20888769239441585,0.5901052737263836,-0.24148352546566224,0.6373027535746227,-0.18043906364378734,0.6851466723937034,-0.18991564148880252,0.7070409853812224,-0.08550228295306467,0.7227562614270535,-0.13331063832418308,0.7416440560282085,0.017339077555333836,0.7633496080220958,-0.01732802456755101,0.8502436974787927,0.03761126812104075,1.0,0.03424705980631405,0.8556137870461443,-0.332873304820069,0.13356666562765943,-0.38082642351159673,0.07912673543691708,-0.3080826647341215,0.20662433971086294,-0.392500211005411,0.061315369720239876,-0.3610282764245063,0.13646761046977063,-0.3433883800834369,0.10975502005720424,-0.3175746606407642,0.12133887133604572,-0.26618730107893834,0.23837206271010628,-0.3666647814780478,0.07048434236507167,-0.33743702180101715,0.16397803639530154,-0.36717187754430025,0.09087692166793894,-0.35223073405088157,0.13286763711692365
mfcc20_mean,0.019621544098110774,,0.20665431053917976,0.23090242862377985,0.08270353393926141,0.15169511902836014,-0.011195870563187556,0.1194480068801715,0.049146734371420205,-0.2304135255038182,0.08168722463202581,0.07780524712491277,0.058177253071143485,-0.06030699579565677,0.07672957693193781,0.024941117986405723,0.048876519179293046,0.15740886452364422,0.06427551971381072,0.14149815108920158,0.061001892179298245,0.2000132074162655,0.06510760385067225,0.23842081145577576,0.034883275229036455,0.2963628912971911,0.036540676364266264,0.27886390842493847,0.051299765481939666,0.30700464637964964,0.02700664337754214,0.2806891206526279,0.00944014940775588,0.344723756771121,0.018733609376545984,0.3437285195484859,0.014300809153321787,0.37676649116119804,-0.001970115307167116,0.3836079697075369,-0.013244112787266062,0.4223730610722914,0.012683581695166306,0.566550586939843,0.03424705980631405,1.0,0.021789804967845505,0.21758000160243648,0.04833366118885172,0.1535613082897873,-0.039447720180543204,0.07725318017986807,-0.08860048805223937,0.1540314621703131,-0.0061294553023778075,0.22149409197370704,0.0288758543251428,0.32684786596248344,0.14926661470846553,0.3004375478640935,0.056863300767326784,0.24371770815440785,0.033091250754107744,0.16794526466209594,0.023058008822240926,0.04773326228176409,-0.08633304087984528,0.10177571165990722,-0.04639975568144279,0.16713619552723977,-0.03015846342012095
mfcc20_std,0.014845655104418948,,-0.14175246937825783,-0.17457309625951808,-0.04282005607012788,-0.2357656652041935,-0.01003733502826236,-0.3547318183556145,0.23440467633642614,0.029542530181239864,0.15541011278693037,0.03320480466643919,0.20013743315903385,-0.1610337693943226,0.26734778623144706,-0.12268201211191725,0.2944585565026992,-0.23729191389200863,0.3627387618215441,-0.12050026116444458,0.40548681961993344,-0.29629854166602265,0.4439839771195749,-0.1892977733581671,0.492047369869591,-0.18213189396022492,0.5642236661769625,-0.209390710557039,0.5889587804797806,-0.24198243809389147,0.6376309253215414,-0.18253951295364082,0.6733674039151941,-0.1951605777594497,0.6830280694207791,-0.10950463044367335,0.6857250426008515,-0.1621785206925856,0.7132406874886652,-0.030886170788292165,0.7267330917892596,-0.05961229065824475,0.7892774602519869,0.01739591310419489,0.8556137870461443,0.021789804967845505,1.0,-0.32698660259906503,0.13439505582616101,-0.38129642202635633,0.07170158374977502,-0.310907736611063,0.21020613711292127,-0.4050887779930275,0.0385290918882256,-0.3465357106767053,0.1443900892201647,-0.3176494744478436,0.13547314651878806,-0.3423861427066337,0.09259653597127862,-0.331633528924156,0.184349398139463,-0.39953807114642353,0.029812842344155998,-0.31683598018553544,0.19024691223810203,-0.3827331912897733,0.07214530123481463,-0.37662076146258155,0.09826147815593488
chroma1_mean,0.016190476536192565,,0.2464283131192402,0.2651467301268864,0.14198100838565297,0.19895607516011923,0.005022927726729423,0.22881034455279858,0.024242834316398443,-0.21097293376021725,0.06655862817299461,0.04233875422325553,0.04449703665670151,0.0887678776322912,0.0026920059449038864,0.13227758423587688,-0.013506863467151714,0.2851278978091549,-0.052289503140274626,0.22653736741912528,-0.06493134191129848,0.3359585407786472,-0.07978287246683405,0.28119146039152315,-0.12024969624197042,0.27237961074413614,-0.1763353237307403,0.24194434668280437,-0.17687115680622742,0.35833924773878056,-0.2005565217988357,0.33433263384726364,-0.2113764189802569,0.3552402104705047,-0.21194021953131684,0.2609235354305089,-0.24371401004174323,0.23976990953949603,-0.29850187957458174,0.11486634750807258,-0.3015760904986033,0.107797443386001,-0.31254115385630243,0.0988531499225121,-0.332873304820069,0.21758000160243648,-0.32698660259906503,1.0,0.4814803364615464,0.5765929000554245,-0.01579060431496867,0.23045098395098032,-0.16507193871026957,0.3042817436063178,0.04010577379690309,0.24705301952782135,-0.13753599508673983,0.3530696917542504,0.1471648038200872,0.1977107204708683,-0.2008742876641227,0.32682454495204827,-0.028308989904852318,0.2995005819073867,0.003060375051988506,0.17592815148331464,-0.18835663985856668,0.38481967275035783,0.03228865775661218,0.5735436175997557,-0.06621055893003293
chroma1_std,0.019841819022321346,,0.02280309236038773,0.03737611103259158,-0.0326950621507548,-0.02471857493380454,0.0059694049807073254,-0.04400930052796252,0.20914342170015557,-0.06801395537850466,0.20853158732489996,0.10343936081462408,0.2130285825177366,0.00031786780493290256,0.2149938760745919,0.06577429292365695,0.2244419759370853,0.05933358112682088,0.2184514137051131,0.07985755034534153,0.22307701302203772,0.03743716320708049,0.220778333985977,0.042296287590018466,0.2222572936541114,0.0232097057472581,0.19051683935050887,0.030954767414379587,0.19215613041198967,0.05284920631337571,0.18968543796838946,0.09219388032434897,0.2108043720607336,0.09029684498093184,0.20158218628055005,0.0830431205367942,0.17423270514288144,0.03224832855565807,0.1449047324944628,-0.00511821639448354,0.14869795194990273,-0.03773073048349544,0.15794635381913408,0.0014090965415831506,0.13356666562765943,0.04833366118885172,0.13439505582616101,0.4814803364615464,1.0,-0.03004036605237791,0.02185866691081885,-0.10299169675835104,0.207659918970769,-0.11528348974267945,0.17590764685739244,-0.1319579929764676,0.031172027416729902,0.027363897279188188,0.3926032353791799,-0.20562938381558837,-0.16088489975789794,0.09317697333702021,0.3871053862019226,-0.09650489224735534,0.07984173030555673,-0.1261683470437241,0.10081626037522559,-0.01991008856190177,0.265426620152191,-0.0022768500832446915,0.040395975026405066
chroma2_mean,0.012332660377030812,,0.2905126126253502,0.3048071614296409,0.1780278546353517,0.23375373176887435,0.003217355991193977,0.2875692031769665,0.004619359916360439,-0.24755640801788173,0.05129243794319494,0.02155795152239131,0.03406756467728456,0.14157349319612605,-0.012569086529437948,0.14894846368790374,-0.027526832296139257,0.3213944359508062,-0.07210109578274883,0.2353872812856319,-0.09309213438460145,0.37945728893595826,-0.12105947552960936,0.2941752422076227,-0.1631177394414247,0.3038054788234262,-0.21416409355546542,0.3093381309883508,-0.23311279561549364,0.40582855923375044,-0.2630236380629124,0.3279120657517849,-0.2841759708185956,0.32733233864737704,-0.30379299924509634,0.21639867886603167,-0.34109447232756673,0.2241766927885344,-0.3621988618094066,0.11767132942801785,-0.36386918220950587,0.17436919621584937,-0.39424411983664676,0.12686104381736862,-0.38082642351159673,0.1535613082897873,-0.38129642202635633,0.5765929000554245,-0.03004036605237791,1.0,0.48024173438021445,0.574465423316831,-0.10125123862840868,0.5134067792876335,0.13279116141507455,0.30087075061913376,-0.1382797754709813,0.36480131735912386,-0.0043935798550601285,0.4156684795277948,0.11405651721804573,0.2026389410149297,-0.28556153252912725,0.44251110998214904,0.1587618823233909,0.30013982615211127,-0.17525859307658467,0.4189926629572219,0.03141055918428176,0.41041453468946804,-0.07337034379795129
chroma2_std,-0.006359351153002577,,0.1282144997502896,0.1311053232368624,0.06623043065710346,0.03632408596516997,0.0117910454852928,0.06680555089441363,0.17832203612722497,-0.14072216170873564,0.1931118130508422,0.05411564294738386,0.20202304024953793,0.0358347504060323,0.21894020188432242,0.05175091668069168,0.23840821972922568,0.07066836322669216,0.2216566594101117,0.048959951437975664,0.22604313181723176,0.08954697630349026,0.1928575004447258,0.029506081091687262,0.19113988273581028,0.07979971927547952,0.17619078290329204,0.06650555689325936,0.1458020215456419,0.08484764742678327,0.12299097997268144,0.05852091630819939,0.11761290877027063,0.05990970551553154,0.09511029519500613,0.02311589529941704,0.07071109669636455,0.01626956430401883,0.07410292787579216,-0.028526746528968878,0.08999607710428768,0.004467542473786204,0.058841012329120444,-0.025853697125899685,0.07912673543691708,-0.039447720180543204,0.07170158374977502,-0.01579060431496867,0.02185866691081885,0.48024173438021445,1.0,0.0020151360323709937,0.02985128177908658,0.08216459353838311,0.3667090553393088,-0.024706835174495814,0.12448850204492108,0.012538619969507328,0.10541319921515249,0.1287288267996123,0.43624028772967566,-0.17428646668935424,-0.16166160210605965,0.16111679619812244,0.4674593026657694,-0.008777984139730704,0.05210051546917937,0.08161872142284789,0.2694034677618568,0.026966835579218928,0.24595983403332308
chroma3_mean,0.01837401496042976,,0.21673889210935304,0.23110233359560248,0.13567507706559656,0.17358690931680767,0.003281015872703143,0.23613481575885667,-0.01614456558948973,-0.1832669019752045,0.0009569511043053089,-0.0010261600364383457,-0.010936946307925745,0.13075372658831796,-0.05128005197743239,0.11468481555631087,-0.06283078938714325,0.2509283013709764,-0.10471176323064141,0.20134707824504028,-0.11220407921557474,0.2946937839795113,-0.13701705114836174,0.2279354353311199,-0.17507514178404016,0.22892970187356637,-0.21090469529375425,0.27645992985983475,-0.22488753180469992,0.3475167949014647,-0.23264433207166846,0.2647451642181685,-0.2564484734061017,0.22683591066765296,-0.27831682048713763,0.14100723954505723,-0.3015536365105851,0.14862479669602593,-0.29534965366953664,0.08820248658672686,-0.3221840134731809,0.1679053095208951,-0.32941055829248234,0.10750785055717156,-0.3080826647341215,0.07725318017986807,-0.310907736611063,0.23045098395098032,-0.10299169675835104,0.574465423316831,0.0020151360323709937,1.0,0.4108174829287877,0.6105306196091083,0.06865376727941148,0.25197373927095423,-0.11935081906840943,0.2502072599823984,-0.045789306692409854,0.29123917242775943,-0.0401637755492405,0.2629537661751414,-0.031638087192500795,0.21441903549827257,-0.11954997376048895,0.3063485763706568,-0.029057523276074602,0.2913854667968169,-0.04221884195292054,0.21341949878289135,-0.1301088799920761
chroma3_std,0.014824907273943014,,-0.003920830079325807,0.003116514434535833,-0.02048248920691274,-0.059567323627681835,9.645900084766542e-05,-0.03916913031928479,0.15994038816543177,-0.035899721971932745,0.1317124691914102,0.042220216909993925,0.14119480708930063,-0.0003853615574446804,0.1521811504393317,0.00667175306095591,0.16900483957630633,-0.032652922877739646,0.17058011605372184,0.0020122397247046998,0.18560782489030678,-0.054564153267396207,0.17399909204940184,-0.054030329013144425,0.17411929391345357,-0.06202454561404433,0.18325864413580725,-0.036781604126233644,0.17889160962173245,-0.01750744205105225,0.19359573585667922,-0.009034864891441695,0.20408484501790658,-0.04346138136351521,0.17792644293036028,-0.03821804608565842,0.17233211874467372,-0.07971474545602056,0.1999291159949089,-0.07951453580458029,0.18189955164846192,-0.03536260117847688,0.18209197765014223,-0.05017363787779757,0.20662433971086294,-0.08860048805223937,0.21020613711292127,-0.16507193871026957,0.207659918970769,-0.10125123862840868,0.02985128177908658,0.4108174829287877,1.0,-0.09515869316246674,0.05468246288809866,-0.14962345524772205,0.21955747315878552,-0.18360959183821562,0.12358124672110786,-0.1762606669736669,0.048845454096272445,-0.057997069447382324,0.3769140121090092,-0.26633569512430166,-0.12121899970575582,0.0041900363762938965,0.38285930133813567,-0.17989327467810337,0.03821821078588596,-0.18828379668193368,0.12627108286946315
chroma4_mean,0.012738707415769589,,0.28966362671998036,0.30643962311564843,0.169393928600708,0.24218578993511866,0.012605411135940908,0.29600200293576595,0.0008560946389884383,-0.247019087668022,0.03273285468325462,0.02802782850173869,0.01898460150408973,0.1460343845393854,-0.02548344810978126,0.16203153817741908,-0.03455935182796211,0.3090866946216509,-0.08835549260704624,0.2546624069235541,-0.10497499397712744,0.38977253834213843,-0.1339799826502456,0.29828628305164134,-0.17260386333858535,0.34454686109487914,-0.22803298735879632,0.375290498438427,-0.2490375049920569,0.42102322693632965,-0.2765255559857073,0.30081163387228843,-0.3091369759041621,0.2858122132228141,-0.33433902140937594,0.20322901942702654,-0.3544226867205771,0.23504612732862584,-0.363261129285229,0.1476362471361205,-0.3806145361744811,0.20778020028602454,-0.3907810603769907,0.14509399859899744,-0.392500211005411,0.1540314621703131,-0.4050887779930275,0.3042817436063178,-0.11528348974267945,0.5134067792876335,0.08216459353838311,0.6105306196091083,-0.09515869316246674,1.0,0.5000731239166475,0.5789906772865745,-0.06677183406385682,0.47847278546882394,0.05173305465214141,0.417989119299294,0.030059346285088714,0.28480774321493235,-0.20329372214397828,0.45277034733598537,0.18130503810136042,0.256278467988944,-0.24401887871261185,0.4720412731084597,0.11099726171135599,0.3632271428009889,-0.09945098419969435
chroma4_std,0.012042501240439788,,0.12515675434740986,0.13383413328608587,0.04344795359469056,0.048221401253480636,0.011587125598740729,0.05956416169770722,0.20346412867746871,-0.14455783983253845,0.2120048811900279,0.08912791972669891,0.21242869608385545,0.03679939012439451,0.22865171264458514,0.0945799805499582,0.24116555000523032,0.11169670693476075,0.21786247553647906,0.11478968201895187,0.22109869189304135,0.13036559700714262,0.1929562571938674,0.09174684181491977,0.18908998362996812,0.13116181081802528,0.16673027642855345,0.1507369275993975,0.13555695132570061,0.1511358075938119,0.11801897096690248,0.09840324041847771,0.1031045238019251,0.07501127486279062,0.06996169456139101,0.05364712095265271,0.05602146531412449,0.03974109265929803,0.06278683185428739,0.01852350089984896,0.05943211585654049,0.035512777788491136,0.059894103038811146,0.005386973080625363,0.061315369720239876,-0.0061294553023778075,0.0385290918882256,0.04010577379690309,0.17590764685739244,0.13279116141507455,0.3667090553393088,0.06865376727941148,0.05468246288809866,0.5000731239166475,1.0,0.013175435073393324,-0.004839675338681353,0.1092612332484694,0.3230030573136922,0.06590618793512276,0.22171851192293912,-0.025737232445877625,0.023036315738156784,0.14765784580881014,0.47811999484666723,-0.10455935323034275,-0.11823612064926661,0.21185658224376835,0.47442823808541196,0.014078141196128201,0.0570244184524482
chroma5_mean,0.0077865183454395755,,0.2708689065610354,0.2902768334678165,0.1630324668043775,0.23691825565578434,0.01766446676817422,0.30772410013911816,-0.04362817545021327,-0.2266134528471042,0.006616095031343062,-0.011087869780060263,-0.019652150609282857,0.13466068474699833,-0.05981960265235929,0.10136353155172695,-0.07744544287059867,0.2534027332800632,-0.10482325375153072,0.2122557480716389,-0.128836956277996,0.3276903804376719,-0.14124319788455056,0.2505198709749176,-0.17613028742238446,0.3349138214639634,-0.23036554079202895,0.33226938597271855,-0.2244202102753412,0.35514510349731077,-0.26275396877221635,0.23469598751751664,-0.3016773928272908,0.24536781177483724,-0.3076817743400319,0.16960375260436694,-0.3135677310425317,0.2291439231973483,-0.33035673136614435,0.11088927045883067,-0.3282819497138091,0.18333576334797597,-0.3500268136640268,0.13632702933088292,-0.3610282764245063,0.22149409197370704,-0.3465357106767053,0.24705301952782135,-0.1319579929764676,0.30087075061913376,-0.024706835174495814,0.25197373927095423,-0.14962345524772205,0.5789906772865745,0.013175435073393324,1.0,0.44667775648727354,0.6104661905643265,0.04578888584444324,0.37608465947130554,0.007749652359488942,0.21880888116964003,-0.1772883906701003,0.3427813218305222,0.0028242023962321296,0.3277302985881631,0.007738807555303791,0.26183721499369944,-0.1719007411444128,0.3963445293684452,0.061994358987926636
chroma5_std,0.004329945580777935,,0.07989849803890381,0.08636407452586961,0.0407084041848125,0.014956620631416255,0.010135885325906974,0.06140460674227458,0.11862770630564203,-0.10034699345244033,0.12986498839170732,0.008896225425187221,0.10961746560998903,0.02298155350773446,0.13330353536913703,-0.017690115226857074,0.14736630222244534,-0.018041154885475946,0.1653190070725218,0.007424922177308061,0.1601636145831764,-0.00026728633251324165,0.14863943538488114,-0.035870213072043085,0.1641750707057889,0.04119653766471543,0.1540078956769215,0.00824335640864583,0.16283464352131127,0.009056812840537679,0.13505805657141512,-0.030006154605912817,0.11825488311113995,-0.028746971946739825,0.12921626171587783,-0.03678654463041755,0.14396571847064552,-0.015141832181328098,0.14532800439109908,-0.08931083842208225,0.14982061570016114,-0.042342446790349784,0.14605230939108982,-0.033559165309263485,0.13646761046977063,0.0288758543251428,0.1443900892201647,-0.13753599508673983,0.031172027416729902,-0.1382797754709813,0.12448850204492108,-0.11935081906840943,0.21955747315878552,-0.06677183406385682,-0.004839675338681353,0.44667775648727354,1.0,-0.03236426382269528,0.059431678847461644,-0.06008128396550485,0.24728587737712338,-0.1365421230523332,0.13230240256482656,-0.1095470430419678,0.05389497846451805,0.025003546287737197,0.3990543237497449,-0.19925147082799716,-0.1526889459217906,0.08113422556734058,0.4249932079134239
chroma6_mean,-0.0040778362334352595,,0.2528712847623816,0.2815221547432819,0.11399015278969958,0.23569175526348016,0.004479685292578101,0.2571026610708613,0.0158366531690716,-0.236422577801027,0.05720318977804297,0.06969916455037282,0.04006944154721724,0.13453075420269567,0.005234927440250469,0.1501464141644787,-0.01949544907106045,0.3267395271040435,-0.06004457038423481,0.2521051351995857,-0.07703453555131845,0.3637151621063361,-0.09928786872377011,0.30145653249922283,-0.14459751177349342,0.37411722191278596,-0.19323334167921294,0.3931411151111744,-0.17523584161286143,0.3654923257431805,-0.2315439036624804,0.270598162088205,-0.2727608931984896,0.278360011596151,-0.2853762261054501,0.20871456498377206,-0.2967795305652329,0.26381516174346137,-0.31257280671179744,0.19669089029676254,-0.31748394356100434,0.25485146677827236,-0.3456350773579726,0.2127081059061402,-0.3433883800834369,0.32684786596248344,-0.3176494744478436,0.3530696917542504,0.027363897279188188,0.36480131735912386,0.012538619969507328,0.2502072599823984,-0.18360959183821562,0.47847278546882394,0.1092612332484694,0.6104661905643265,-0.03236426382269528,1.0,0.5189145971519082,0.6047085621732142,0.016263939627994873,0.3262044835898178,-0.13035073603749922,0.3858178210152792,0.0743459096180042,0.2674327857370986,-0.1624974685557525,0.40975826008328753,0.13038273094206207,0.26261897365297054,-0.18198855185503107
chroma6_std,-0.013005152718401289,,0.06766438667254966,0.08845008236318205,-0.021540587462919338,0.03528510310707783,-0.005917509776064922,0.00875719112095956,0.2117566029805646,-0.1155753807257002,0.20755900038390282,0.1243359048905412,0.21840779934767554,0.028954446259789633,0.2301340558063905,0.0885741643521374,0.2228269894756886,0.11511632269055279,0.21228912161450836,0.11055097440074325,0.22022202974625957,0.09614574785390725,0.2049600026218981,0.08161670470713332,0.19457488994090558,0.13555832796672718,0.176224437795205,0.16742425372058847,0.19614450614471357,0.1100064606298357,0.16137525355710008,0.08699480635072601,0.14276706842307046,0.06703687078781524,0.12365123839775448,0.05396345601607174,0.11605659493923273,0.046376777367267454,0.11328029779246089,0.03818230290645305,0.12033176111264851,0.05766645449080488,0.10079123874535842,0.06567573826079855,0.10975502005720424,0.14926661470846553,0.13547314651878806,0.1471648038200872,0.3926032353791799,-0.0043935798550601285,0.10541319921515249,-0.045789306692409854,0.12358124672110786,0.05173305465214141,0.3230030573136922,0.04578888584444324,0.059431678847461644,0.5189145971519082,1.0,0.03375635061560573,0.02826841966707733,-0.0025086211960001267,0.20320945225931364,-0.005336018176487487,0.21287368358114897,-0.07769022119244158,0.024714437730353332,0.07645987122100391,0.3966048411188264,-0.1370716163488045,-0.133430030949583
chroma7_mean,-0.004239289136120022,,0.2844415246444772,0.3067217687133418,0.1563437886628903,0.2371777906839423,0.019192401175821487,0.2873438934477712,-0.00861300615237982,-0.25474148667959967,0.038555268499098225,0.03333682185648529,0.01885539524346485,0.13095676966961803,-0.01289422999116834,0.1436036399441376,-0.030274147941389582,0.30884760125986843,-0.05834817707146048,0.22392934390215144,-0.08311225016530811,0.3676468176992695,-0.1134557692569312,0.2816373450851985,-0.15716708797162968,0.3689724667569249,-0.18851724165299696,0.3397256935803286,-0.20345228956094755,0.32144729931277216,-0.26579248050923,0.22713571773608132,-0.2969293425827043,0.2574208584512436,-0.3041556975148761,0.21147189771404032,-0.3169023146304517,0.2686171565666811,-0.3279530371169047,0.22002800540848477,-0.3414962663488929,0.3031757598460373,-0.3410442796811629,0.27240004407086227,-0.3175746606407642,0.3004375478640935,-0.3423861427066337,0.1977107204708683,-0.20562938381558837,0.4156684795277948,0.1287288267996123,0.29123917242775943,-0.1762606669736669,0.417989119299294,0.06590618793512276,0.37608465947130554,-0.06008128396550485,0.6047085621732142,0.03375635061560573,1.0,0.4947127609090605,0.5696585256884817,-0.06891181981204077,0.474917454784488,0.11835896241384698,0.2954754060219335,-0.1303414995057637,0.39651620008285393,0.018766563441034462,0.39601648665490025,0.07952385109083765
chroma7_std,-0.020555689066490603,,0.12002211787660677,0.12330933304146331,0.05944767786978518,0.018410754127323452,0.019254789632421,0.06450713480155813,0.14585976827103087,-0.13528142825192893,0.16540734099367085,0.04376310236073783,0.1644452343160547,0.0320423015714043,0.1893986135003576,0.044953069335430335,0.19888430278999708,0.03851827829756379,0.20962534199987043,0.023614824145052362,0.19722668706448793,0.06009300081864777,0.16612164859680115,0.010010601481314396,0.16856379507774247,0.09660707311900578,0.1720713507484482,0.05475821996797927,0.14652555690680857,0.02224706812250462,0.08815501322141375,-0.024539028095065963,0.0881035725676811,-0.010650929431370287,0.07116102724134735,-0.007032703623105657,0.07235078388617307,0.01472376778063267,0.08840148086073098,0.006219043289051577,0.08033129726485096,0.06882071789534916,0.08889265791384734,0.06799576943827693,0.12133887133604572,0.056863300767326784,0.09259653597127862,-0.2008742876641227,-0.16088489975789794,0.11405651721804573,0.43624028772967566,-0.0401637755492405,0.048845454096272445,0.030059346285088714,0.22171851192293912,0.007749652359488942,0.24728587737712338,0.016263939627994873,0.02826841966707733,0.4947127609090605,1.0,-0.02180194218380802,0.04004702299417482,0.05595859792971529,0.34440581300361833,-0.0021581317378366323,0.1766295846792368,0.01573962081467707,0.12944398826134854,0.0919151623384097,0.4066888236132423
chroma8_mean,-0.004469760227826709,,0.24158971888094086,0.2656724203087769,0.13405816526234143,0.19459436160155577,0.0061312033613723895,0.23878392946035773,2.0975388102239814e-05,-0.21779876889899702,0.031121878778582853,0.0316645340803783,0.014449377991862557,0.09579379018722081,-0.017773139538569824,0.12167497048111336,-0.03606450244431872,0.2619810850795084,-0.058822703678931526,0.2092209070546184,-0.08160508796878826,0.3178401756647994,-0.09489218477952555,0.25653558665734877,-0.12815839954776342,0.32859828741342356,-0.16481470026206643,0.28203040149588304,-0.18380207976066443,0.2631438579011748,-0.21663578500901604,0.2030503233862945,-0.23040765628728344,0.25586650325801447,-0.237026497250055,0.2369798966313212,-0.2617812034556826,0.28895413896772315,-0.28489111181952453,0.2580674105018482,-0.2774704627440603,0.306937284853083,-0.25934314162682953,0.28282240168914075,-0.26618730107893834,0.24371770815440785,-0.331633528924156,0.32682454495204827,0.09317697333702021,0.2026389410149297,-0.17428646668935424,0.2629537661751414,-0.057997069447382324,0.28480774321493235,-0.025737232445877625,0.21880888116964003,-0.1365421230523332,0.3262044835898178,-0.0025086211960001267,0.5696585256884817,-0.02180194218380802,1.0,0.42836742924225474,0.5765948874133319,0.039236288443487165,0.25932319689521355,-0.13632325814336238,0.3149546268145233,0.002749588025802736,0.29255726870294513,-0.08988240631625713
chroma8_std,-0.022410482028646404,,0.013888995438030958,0.0252935581404205,-0.017646086611526245,-0.05999497053636745,-0.0021232953399723032,-0.04690012605992512,0.1726115077104669,-0.06360351486134955,0.1537874304245472,0.0653655172562051,0.15223555866307814,-0.004041224441264761,0.17598728012049392,0.008702236359828978,0.18097753957210924,-0.011320670061155688,0.19634301185005637,-8.710288034336976e-05,0.19371329357342273,-0.031378246613682895,0.19551289223040483,-0.031110902903433022,0.21753323633466104,0.005223919011476831,0.20643685168288772,-0.023610182689829146,0.19610503621945982,-0.06430525049778911,0.19164546504143498,-0.05988322323991461,0.20915167945691424,-0.04458551469425463,0.20237574006141187,0.006555175260892522,0.1882396093614743,0.0035719526100563073,0.1903144393646877,0.020230343927667656,0.20011692462178665,0.0487826073845463,0.23456025939263214,0.08040245045316848,0.23837206271010628,0.033091250754107744,0.184349398139463,-0.028308989904852318,0.3871053862019226,-0.28556153252912725,-0.16166160210605965,-0.031638087192500795,0.3769140121090092,-0.20329372214397828,0.023036315738156784,-0.1772883906701003,0.13230240256482656,-0.13035073603749922,0.20320945225931364,-0.06891181981204077,0.04004702299417482,0.42836742924225474,1.0,-0.09519712166358897,0.03569494798027663,-0.12589846816116923,0.23474691083510782,-0.15119107338743007,0.1454678561286932,-0.14981348618120824,0.07801800777458082
chroma9_mean,-0.01771209973966285,,0.3105323911288899,0.33424344260726285,0.1617674978348061,0.2573417248566131,0.016784818872232404,0.29834518394548,0.022178333269872175,-0.28615352450832093,0.0725513991526328,0.06503228879573289,0.055404129686611944,0.1352775436432986,0.022359830554550337,0.1753963608218056,0.003758798695147725,0.3312583364080755,-0.04318999446695622,0.28139243075290316,-0.061221843629257484,0.4212747228490146,-0.08279351081656856,0.3397948694992244,-0.12065585278154316,0.4148979342570963,-0.1742839958185699,0.3371109363184161,-0.21410545130024627,0.3402382912862134,-0.2408503581875174,0.27755281513521696,-0.2713779290334897,0.35161649370891723,-0.2899451048651869,0.2962422860752056,-0.3175785206710618,0.3563766952950005,-0.3311538070191335,0.2956275211511835,-0.3033407750950779,0.3287928023816801,-0.3350840856762938,0.2169780700749108,-0.3666647814780478,0.16794526466209594,-0.39953807114642353,0.2995005819073867,-0.09650489224735534,0.44251110998214904,0.16111679619812244,0.21441903549827257,-0.26633569512430166,0.45277034733598537,0.14765784580881014,0.3427813218305222,-0.1095470430419678,0.3858178210152792,-0.005336018176487487,0.474917454784488,0.05595859792971529,0.5765948874133319,-0.09519712166358897,1.0,0.5004058074901775,0.6239841530455148,-0.04018835807140585,0.5433105455071952,0.0936452226995756,0.3842480619909872,-0.047945234438674475
chroma9_std,-0.019938354792147103,,0.14792359819065964,0.15722751584655767,0.04949830134899975,0.05811881368443035,0.009055949676932578,0.06427974987755922,0.21289853961237906,-0.1798570412698491,0.23604227400002595,0.09857570188421864,0.2327283075015388,0.03709907956275538,0.26017097570875647,0.09752512539034654,0.26735009163698537,0.11276441083578423,0.2568361155685922,0.12416197740296135,0.257088913320445,0.15819834749169584,0.23192193165450348,0.11686204252537724,0.2285371986196961,0.1849007762502446,0.20125972866647113,0.13514379443636115,0.15078645279540828,0.11678775648927743,0.1299146344157552,0.07533173922198284,0.12482746126118154,0.11416098972031437,0.10029084916514484,0.11056800051532718,0.08097242442504422,0.1085452931518749,0.08283477484746313,0.10470671111441836,0.11846676401545449,0.11660447949200076,0.09963664880460381,0.052991715702112516,0.07048434236507167,0.023058008822240926,0.029812842344155998,0.003060375051988506,0.07984173030555673,0.1587618823233909,0.4674593026657694,-0.11954997376048895,-0.12121899970575582,0.18130503810136042,0.47811999484666723,0.0028242023962321296,0.05389497846451805,0.0743459096180042,0.21287368358114897,0.11835896241384698,0.34440581300361833,0.039236288443487165,0.03569494798027663,0.5004058074901775,1.0,0.07103706042934936,0.09222893866592076,0.17305369395184234,0.3946615713264458,0.07505332703472424,0.1996057650812916
chroma10_mean,-0.026753977723561837,,0.26374447017325325,0.28834828559825354,0.13807712399201993,0.21598854945015342,0.014857814158324253,0.27230583731776986,-0.001978667528435351,-0.24004277396795207,0.036285894343145955,0.034269529064097054,0.02479211887930108,0.12707040334445224,-0.0059678976392827715,0.13005016479833384,-0.020729001307558854,0.2665661480162266,-0.06258475351270221,0.22434590156846831,-0.06667126308954102,0.34939642305596497,-0.08499556693175468,0.29007655409747557,-0.12354606553705642,0.33320638738249797,-0.17451357322600225,0.22370330787337345,-0.18774735012340232,0.2544300987515038,-0.2027298861097327,0.23519177986754267,-0.24454530121095777,0.3210373712337837,-0.26153107262858494,0.2774120385267551,-0.2656432404484225,0.33321309510910985,-0.25017776398647834,0.24162990955298733,-0.250305335043346,0.2640678189758166,-0.31634874110553085,0.10714563092379514,-0.33743702180101715,0.04773326228176409,-0.31683598018553544,0.17592815148331464,-0.1261683470437241,0.30013982615211127,-0.008777984139730704,0.3063485763706568,0.0041900363762938965,0.256278467988944,-0.10455935323034275,0.3277302985881631,0.025003546287737197,0.2674327857370986,-0.07769022119244158,0.2954754060219335,-0.0021581317378366323,0.25932319689521355,-0.12589846816116923,0.6239841530455148,0.07103706042934936,1.0,0.42998790472914594,0.6148034952701297,0.03253576179523079,0.3172646360389203,-0.03688408998397308
chroma10_std,-0.004945771008922717,,0.04871976210077753,0.061099270946246204,-0.007784340188048349,-0.0121311679309228,0.006678210802628357,0.013427165470322229,0.17285089535386727,-0.09365451294595242,0.15827470194518473,0.051126948691760474,0.1452304288585034,0.026429790476555883,0.17616542834060897,0.02405399217250912,0.1893013245259329,-0.004948322773999208,0.19448457374581615,0.02442895248979655,0.20377663904404875,-7.773625927855094e-05,0.19425171938181998,-0.0069775123223198635,0.20372231797450052,0.026773143469735458,0.1968327531191821,-0.05596179416707493,0.19718067211994109,-0.056629428144665504,0.19427120291450273,-0.04313971558583555,0.18012317429750843,0.01340588639860033,0.168882873154283,0.040512935373158046,0.18918510088275176,0.04649282995239072,0.233382673088565,0.012794643327888782,0.2304264198336209,0.01591135502610944,0.18665984672505057,-0.05255361019596396,0.16397803639530154,-0.08633304087984528,0.19024691223810203,-0.18835663985856668,0.10081626037522559,-0.17525859307658467,0.05210051546917937,-0.029057523276074602,0.38285930133813567,-0.24401887871261185,-0.11823612064926661,0.007738807555303791,0.3990543237497449,-0.1624974685557525,0.024714437730353332,-0.1303414995057637,0.1766295846792368,-0.13632325814336238,0.23474691083510782,-0.04018835807140585,0.09222893866592076,0.42998790472914594,1.0,-0.03594424990777129,0.06591260117348116,-0.07479561583750884,0.2773410527612069
chroma11_mean,-0.010870204439252362,,0.30701648831100947,0.3326841060736171,0.16020037129090317,0.2598839972238503,0.025214471961740596,0.289084000479522,0.03923537336239478,-0.281836551861968,0.0910807160324125,0.08649138090743771,0.078714493976424,0.13572875751610322,0.03780551399335595,0.18645038856917107,0.023539429968793317,0.3381209380972882,-0.03488312747885429,0.2680682336457346,-0.039229164301805605,0.42370761917969574,-0.0651180717014141,0.3451458057263795,-0.11422714749301044,0.3710827248644905,-0.1756560634996474,0.2878280845237541,-0.18867952383307854,0.34836257599582343,-0.21960078737934813,0.31485488555992763,-0.2562958342337483,0.38634041271776365,-0.27469457444850176,0.3169948199796197,-0.27666387526395253,0.3619820194002031,-0.2844334592437295,0.2445704262279067,-0.312548159190052,0.22425808129556168,-0.36787657795736756,0.08389904365185599,-0.36717187754430025,0.10177571165990722,-0.3827331912897733,0.38481967275035783,-0.01991008856190177,0.4189926629572219,0.08161872142284789,0.2913854667968169,-0.17989327467810337,0.4720412731084597,0.21185658224376835,0.26183721499369944,-0.19925147082799716,0.40975826008328753,0.07645987122100391,0.39651620008285393,0.01573962081467707,0.3149546268145233,-0.15119107338743007,0.5433105455071952,0.17305369395184234,0.6148034952701297,-0.03594424990777129,1.0,0.49863549492491843,0.6067366097511447,0.006846526368568087
chroma11_std,-0.00895476602314966,,0.10246041229110146,0.11446635789359873,0.02263634470040708,0.026435915667126095,0.011250420167172816,0.023880746835947805,0.21118894972881047,-0.13625603514407256,0.22088748904813693,0.11930336040268145,0.23275141834852892,0.04225314216171363,0.24190958357876968,0.10884114369251273,0.2555005019586722,0.10162909679283559,0.23751654102066577,0.09903280128341817,0.24437014205307117,0.11514245920361131,0.22789930371446915,0.08251750237684514,0.22239387776497727,0.11067366074201183,0.19023125602168062,0.07026013812618198,0.1751318883291915,0.07196463313751147,0.1488656670101799,0.05505811360149711,0.13848477679436122,0.08950682024509335,0.11833255966631331,0.0893597766084882,0.12277033505581575,0.08164915132899038,0.13985777036068128,0.05442702471844514,0.11692780393897347,0.030705907724221448,0.07342142422179695,-0.04332753580411114,0.09087692166793894,-0.04639975568144279,0.07214530123481463,0.03228865775661218,0.265426620152191,0.03141055918428176,0.2694034677618568,-0.04221884195292054,0.03821821078588596,0.11099726171135599,0.47442823808541196,-0.1719007411444128,-0.1526889459217906,0.13038273094206207,0.3966048411188264,0.018766563441034462,0.12944398826134854,0.002749588025802736,0.1454678561286932,0.0936452226995756,0.3946615713264458,0.03253576179523079,0.06591260117348116,0.49863549492491843,1.0,0.027399576689821258,0.059584840429685294
chroma12_mean,0.01372727169020174,,0.30438368999233734,0.3207747617345751,0.19525142406000223,0.24050103425929883,0.030251875719095468,0.3033715194715073,-0.011305050612269585,-0.2589552347974903,0.040375317519717936,0.010362838392080399,0.021035367224219566,0.10141015080407938,-0.02250835757643921,0.12781953665945572,-0.03503938354887393,0.29074117022025,-0.0730782079367823,0.2233763547534571,-0.08464893971326683,0.3790506085367385,-0.10323185270902493,0.29506688592418084,-0.15139066214596536,0.31487063495754947,-0.1978635426237227,0.22639732724406536,-0.1999596171922829,0.33872126413479164,-0.24481410228036127,0.3115935383385711,-0.26767431434850475,0.3710160312570115,-0.2555736633418025,0.2941242406213235,-0.25436866200163327,0.31909385869968215,-0.30711152757964866,0.1464014364056583,-0.32741084046719704,0.125872228228965,-0.33931566248861655,0.054717017952412884,-0.35223073405088157,0.16713619552723977,-0.37662076146258155,0.5735436175997557,-0.0022768500832446915,0.41041453468946804,0.026966835579218928,0.21341949878289135,-0.18828379668193368,0.3632271428009889,0.014078141196128201,0.3963445293684452,0.08113422556734058,0.26261897365297054,-0.1370716163488045,0.39601648665490025,0.0919151623384097,0.29255726870294513,-0.14981348618120824,0.3842480619909872,0.07505332703472424,0.3172646360389203,-0.07479561583750884,0.6067366097511447,0.027399576689821258,1.0,0.471081706990457
chroma12_std,0.015903766282569478,,0.09202147481442835,0.09371661954082139,0.05109037558969993,0.00418551587574588,0.02266391905343144,0.0495556917827229,0.13736189119532893,-0.1077992515808875,0.1451278419651789,0.017268014769375624,0.13638886665239,-0.0008863959185447098,0.15749068182387096,0.008522667673219629,0.17955702386404143,0.003283940683238126,0.1850569626400776,0.01384585697648972,0.1957179898257882,0.03197615848307014,0.17486328716112173,-0.015088646538998513,0.17966179700398466,0.014692285471825517,0.16972138502056977,-0.043553140156714326,0.16946341218208585,-0.0060513829734208,0.12723208228497576,0.015501030257855436,0.1360333056372403,0.043428447831610734,0.15611021086492766,0.05725575364709582,0.17060960382055348,0.05733216786280057,0.14388743178297547,-0.03725612332663631,0.13229709333447318,-0.05696279565877978,0.1372475412039087,-0.07185612077656665,0.13286763711692365,-0.03015846342012095,0.09826147815593488,-0.06621055893003293,0.040395975026405066,-0.07337034379795129,0.24595983403332308,-0.1301088799920761,0.12627108286946315,-0.09945098419969435,0.0570244184524482,0.061994358987926636,0.4249932079134239,-0.18198855185503107,-0.133430030949583,0.07952385109083765,0.4066888236132423,-0.08988240631625713,0.07801800777458082,-0.047945234438674475,0.1996057650812916,-0.03688408998397308,0.2773410527612069,0.006846526368568087,0.059584840429685294,0.471081706990457,1.0
